{"packages":[],"notify-batch":"https:\/\/packagist.org\/downloads\/","providers-url":"\/p\/%package%$%hash%.json","metadata-url":"\/p2\/%package%.json","metadata-changes-url":"https:\/\/packagist.org\/metadata\/changes.json","search":"https:\/\/packagist.org\/search.json?q=%query%&type=%type%","list":"https:\/\/packagist.org\/packages\/list.json","security-advisories":{"metadata":true,"api-url":"https:\/\/packagist.org\/api\/security-advisories\/"},"providers-api":"https:\/\/packagist.org\/providers\/%package%.json","warning":"Support for Composer 1 will be shutdown on August 1st 2025. You should upgrade to Composer 2. See https:\/\/blog.packagist.com\/shutting-down-packagist-org-support-for-composer-1-x\/","warning-versions":"<1.99","provider-includes":{"p\/provider-2013$%hash%.json":{"sha256":"d641375a96407aa777e434256b5d5a67676620c6692b2c3c8cf7bd218d760e34"},"p\/provider-2014$%hash%.json":{"sha256":"5cbc3e93a774dcc2c968236bb9d06512fa3fbbacb948ffa190009d7798dd7d37"},"p\/provider-2015$%hash%.json":{"sha256":"120a8b7ff46c189c5f504e900e5103bed75782aca872e004e833190c84348a4a"},"p\/provider-2016$%hash%.json":{"sha256":"0622b9beb9ae7c436b9e647fcadbe66c36937796ccd3b319da2e79b66422c6fe"},"p\/provider-2017$%hash%.json":{"sha256":"fb8d6e7d3a69cf4778dd422b8afbce47ddf0a05c389f1b84e18ac16fb798ae39"},"p\/provider-2018$%hash%.json":{"sha256":"98ba52dec0c50345f4653cb8218a845608ca03503ed57aef33b38155d1102a60"},"p\/provider-2019$%hash%.json":{"sha256":"c2b5e5ca473429c5cc0994024f59dcc832eeffba1031868fcfbbf8247c2b56ff"},"p\/provider-2020$%hash%.json":{"sha256":"4e47ea1256c3293e125f4750b8064f6e9f2dc89f5f266e147adf7a6f31a5cce3"},"p\/provider-2021$%hash%.json":{"sha256":"93cb5eb626c8ddfb876b3033590f54609ccfd6c10f1c3ff2a1294b624531f31d"},"p\/provider-2022$%hash%.json":{"sha256":"6da1ff2b445abdf94ffedbe3ce036c3e3ff4c8348f4720db456e689cebaee301"},"p\/provider-2023$%hash%.json":{"sha256":"daea6d48c1512d23ec3add2b98fb2686f7b0da21b692c58db9de9e0f81d4817c"},"p\/provider-2024-01$%hash%.json":{"sha256":"8104093ca723dbff9bcf1da0c545707f2ae427d7aa2b5570b81ab83d7824f351"},"p\/provider-2024-04$%hash%.json":{"sha256":"0c47d44f3b2213cb153c4ad06f4014f3ee61f8ac50682062125001a59beaf677"},"p\/provider-2024-07$%hash%.json":{"sha256":"47a533954453422c9b663002a1c372eb703a2671f99811e4bbee8c4abc6b5d5f"},"p\/provider-2024-10$%hash%.json":{"sha256":"90850e3ad0a544f5afb3a2a72e1e0a74fbe809f1393d6bad84bb37794df41f00"},"p\/provider-archived$%hash%.json":{"sha256":"6aa73c2c3c693fa76e050d799bf0952ceac9474962232fd7411b35542aedda6b"},"p\/provider-latest$%hash%.json":{"sha256":"ef83c2618ca89019e7d34ff3b4d073bcc9a19766cfb28f788549b45ceb95259d"}},"last-modified":"Mon, 02 Dec 2024 03:03:10 GMT"}