{"minified":"composer/2.0","packages":{"kitetail/zttp":[{"name":"kitetail/zttp","description":"A developer-experience focused HTTP client, optimized for most common use cases.","keywords":["http","Guzzle"],"homepage":"","version":"v0.6.0","version_normalized":"0.6.0.0","license":["MIT"],"authors":[{"name":"Adam Wathan","email":"adam.wathan@gmail.com"}],"source":{"url":"https://github.com/kitetail/zttp.git","type":"git","reference":"92662d7f9025b4c9a0b8a585e31810461fcca435"},"dist":{"url":"https://api.github.com/repos/kitetail/zttp/zipball/92662d7f9025b4c9a0b8a585e31810461fcca435","type":"zip","shasum":"","reference":"92662d7f9025b4c9a0b8a585e31810461fcca435"},"type":"library","support":{"issues":"https://github.com/kitetail/zttp/issues","source":"https://github.com/kitetail/zttp/tree/master"},"time":"2019-06-10T12:18:52+00:00","autoload":{"files":["src/Zttp.php"]},"require":{"php":">=7.0","guzzlehttp/guzzle":"^6.0","tightenco/collect":"^5.4"},"require-dev":{"phpunit/phpunit":"^6.0","laravel/lumen-framework":"5.5.*"}},{"version":"v0.5.0","version_normalized":"0.5.0.0","source":{"url":"https://github.com/kitetail/zttp.git","type":"git","reference":"46bcae6d4acef7883fd972db49f57a3177333c86"},"dist":{"url":"https://api.github.com/repos/kitetail/zttp/zipball/46bcae6d4acef7883fd972db49f57a3177333c86","type":"zip","shasum":"","reference":"46bcae6d4acef7883fd972db49f57a3177333c86"},"time":"2019-05-27T06:53:32+00:00"},{"version":"v0.4.0","version_normalized":"0.4.0.0","source":{"url":"https://github.com/kitetail/zttp.git","type":"git","reference":"3875188916c746ff1a3f2b1095564aca72d973b8"},"dist":{"url":"https://api.github.com/repos/kitetail/zttp/zipball/3875188916c746ff1a3f2b1095564aca72d973b8","type":"zip","shasum":"","reference":"3875188916c746ff1a3f2b1095564aca72d973b8"},"time":"2018-03-11T19:39:08+00:00"},{"version":"v0.3.0","version_normalized":"0.3.0.0","source":{"url":"https://github.com/kitetail/zttp.git","type":"git","reference":"e788ab8fc5c0259f691e2960d17e0ddbab761c6a"},"dist":{"url":"https://api.github.com/repos/kitetail/zttp/zipball/e788ab8fc5c0259f691e2960d17e0ddbab761c6a","type":"zip","shasum":"","reference":"e788ab8fc5c0259f691e2960d17e0ddbab761c6a"},"time":"2017-08-09T15:31:26+00:00","require-dev":{"phpunit/phpunit":"^6.0","laravel/lumen-framework":"^5.4"}},{"version":"v0.2.0","version_normalized":"0.2.0.0","source":{"url":"https://github.com/kitetail/zttp.git","type":"git","reference":"fb8f379c5d34d56399c5038226a1db845220ff8b"},"dist":{"url":"https://api.github.com/repos/kitetail/zttp/zipball/fb8f379c5d34d56399c5038226a1db845220ff8b","type":"zip","shasum":"","reference":"fb8f379c5d34d56399c5038226a1db845220ff8b"},"time":"2017-07-20T14:16:37+00:00"},{"description":"A super simple HTTP client that seems fine.","version":"v0.1.0","version_normalized":"0.1.0.0","source":{"url":"https://github.com/kitetail/zttp.git","type":"git","reference":"a48e984d5937b85599848b75845818a8fa55f1a5"},"dist":{"url":"https://api.github.com/repos/kitetail/zttp/zipball/a48e984d5937b85599848b75845818a8fa55f1a5","type":"zip","shasum":"","reference":"a48e984d5937b85599848b75845818a8fa55f1a5"},"support":{"issues":"https://github.com/kitetail/zttp/issues","source":"https://github.com/kitetail/zttp/tree/v0.1.0"},"time":"2017-05-26T14:33:49+00:00","require":{"php":">=7.0","guzzlehttp/guzzle":"^6.0"},"require-dev":{"phpunit/phpunit":"^6.0"}}]},"security-advisories":[],"last-modified":"Tue, 09 Apr 2024 04:58:14 GMT"}