{"minified":"composer/2.0","packages":{"react/event-loop":[{"name":"react/event-loop","description":"ReactPHP's core reactor event loop that libraries can use for evented I/O.","keywords":["event-loop","asynchronous"],"homepage":"","version":"v1.5.0","version_normalized":"1.5.0.0","license":["MIT"],"authors":[{"name":"Christian Lück","email":"christian@clue.engineering","homepage":"https://clue.engineering/"},{"name":"Cees-Jan Kiewiet","email":"reactphp@ceesjankiewiet.nl","homepage":"https://wyrihaximus.net/"},{"name":"Jan Sorgalla","email":"jsorgalla@gmail.com","homepage":"https://sorgalla.com/"},{"name":"Chris Boden","email":"cboden@gmail.com","homepage":"https://cboden.dev/"}],"source":{"url":"https://github.com/reactphp/event-loop.git","type":"git","reference":"bbe0bd8c51ffc05ee43f1729087ed3bdf7d53354"},"dist":{"url":"https://api.github.com/repos/reactphp/event-loop/zipball/bbe0bd8c51ffc05ee43f1729087ed3bdf7d53354","type":"zip","shasum":"","reference":"bbe0bd8c51ffc05ee43f1729087ed3bdf7d53354"},"type":"library","support":{"issues":"https://github.com/reactphp/event-loop/issues","source":"https://github.com/reactphp/event-loop/tree/v1.5.0"},"funding":[{"url":"https://opencollective.com/reactphp","type":"open_collective"}],"time":"2023-11-13T13:48:05+00:00","autoload":{"psr-4":{"React\\EventLoop\\":"src/"}},"require":{"php":">=5.3.0"},"require-dev":{"phpunit/phpunit":"^9.6 || ^5.7 || ^4.8.36"},"suggest":{"ext-pcntl":"For signal handling support when using the StreamSelectLoop"}},{"version":"v1.4.0","version_normalized":"1.4.0.0","source":{"url":"https://github.com/reactphp/event-loop.git","type":"git","reference":"6e7e587714fff7a83dcc7025aee42ab3b265ae05"},"dist":{"url":"https://api.github.com/repos/reactphp/event-loop/zipball/6e7e587714fff7a83dcc7025aee42ab3b265ae05","type":"zip","shasum":"","reference":"6e7e587714fff7a83dcc7025aee42ab3b265ae05"},"support":{"issues":"https://github.com/reactphp/event-loop/issues","source":"https://github.com/reactphp/event-loop/tree/v1.4.0"},"time":"2023-05-05T10:11:24+00:00"},{"version":"v1.3.0","version_normalized":"1.3.0.0","source":{"url":"https://github.com/reactphp/event-loop.git","type":"git","reference":"187fb56f46d424afb6ec4ad089269c72eec2e137"},"dist":{"url":"https://api.github.com/repos/reactphp/event-loop/zipball/187fb56f46d424afb6ec4ad089269c72eec2e137","type":"zip","shasum":"","reference":"187fb56f46d424afb6ec4ad089269c72eec2e137"},"support":{"issues":"https://github.com/reactphp/event-loop/issues","source":"https://github.com/reactphp/event-loop/tree/v1.3.0"},"funding":[{"url":"https://github.com/WyriHaximus","type":"github"},{"url":"https://github.com/clue","type":"github"}],"time":"2022-03-17T11:10:22+00:00","autoload":{"psr-4":{"React\\EventLoop\\":"src"}},"require-dev":{"phpunit/phpunit":"^9.3 || ^5.7 || ^4.8.35"},"suggest":{"ext-event":"~1.0 for ExtEventLoop","ext-pcntl":"For signal handling support when using the StreamSelectLoop","ext-uv":"* for ExtUvLoop"}},{"version":"v1.2.0","version_normalized":"1.2.0.0","source":{"url":"https://github.com/reactphp/event-loop.git","type":"git","reference":"be6dee480fc4692cec0504e65eb486e3be1aa6f2"},"dist":{"url":"https://api.github.com/repos/reactphp/event-loop/zipball/be6dee480fc4692cec0504e65eb486e3be1aa6f2","type":"zip","shasum":"","reference":"be6dee480fc4692cec0504e65eb486e3be1aa6f2"},"support":{"issues":"https://github.com/reactphp/event-loop/issues","source":"https://github.com/reactphp/event-loop/tree/v1.2.0"},"time":"2021-07-11T12:31:24+00:00"},{"version":"v1.1.1","version_normalized":"1.1.1.0","authors":[],"source":{"url":"https://github.com/reactphp/event-loop.git","type":"git","reference":"6d24de090cd59cfc830263cfba965be77b563c13"},"dist":{"url":"https://api.github.com/repos/reactphp/event-loop/zipball/6d24de090cd59cfc830263cfba965be77b563c13","type":"zip","shasum":"","reference":"6d24de090cd59cfc830263cfba965be77b563c13"},"support":{"issues":"https://github.com/reactphp/event-loop/issues","source":"https://github.com/reactphp/event-loop/tree/v1.1.1"},"time":"2020-01-01T18:39:52+00:00","require-dev":{"phpunit/phpunit":"^7.0 || ^6.4 || ^5.7 || ^4.8.35"},"funding":"__unset"},{"version":"v1.1.0","version_normalized":"1.1.0.0","source":{"url":"https://github.com/reactphp/event-loop.git","type":"git","reference":"a0ecac955c67b57c40fe4a1b88a7cca1b58c982d"},"dist":{"url":"https://api.github.com/repos/reactphp/event-loop/zipball/a0ecac955c67b57c40fe4a1b88a7cca1b58c982d","type":"zip","shasum":"","reference":"a0ecac955c67b57c40fe4a1b88a7cca1b58c982d"},"support":{"issues":"https://github.com/reactphp/event-loop/issues","source":"https://github.com/reactphp/event-loop/tree/v1.1.0"},"time":"2019-02-07T16:19:49+00:00"},{"version":"v1.0.0","version_normalized":"1.0.0.0","source":{"url":"https://github.com/reactphp/event-loop.git","type":"git","reference":"0266aff7aa7b0613b1f38a723e14a0ebc55cfca3"},"dist":{"url":"https://api.github.com/repos/reactphp/event-loop/zipball/0266aff7aa7b0613b1f38a723e14a0ebc55cfca3","type":"zip","shasum":"","reference":"0266aff7aa7b0613b1f38a723e14a0ebc55cfca3"},"support":{"issues":"https://github.com/reactphp/event-loop/issues","source":"https://github.com/reactphp/event-loop/tree/v1.0.0"},"time":"2018-07-11T14:37:46+00:00","require-dev":{"phpunit/phpunit":"~4.8.35 || ^5.7 || ^6.4"},"suggest":{"ext-event":"~1.0 for ExtEventLoop","ext-pcntl":"For signal handling support when using the StreamSelectLoop"}},{"version":"v0.5.3","version_normalized":"0.5.3.0","source":{"url":"https://github.com/reactphp/event-loop.git","type":"git","reference":"228178a947de1f7cd9296d691878569628288c6f"},"dist":{"url":"https://api.github.com/repos/reactphp/event-loop/zipball/228178a947de1f7cd9296d691878569628288c6f","type":"zip","shasum":"","reference":"228178a947de1f7cd9296d691878569628288c6f"},"support":{"issues":"https://github.com/reactphp/event-loop/issues","source":"https://github.com/reactphp/event-loop/tree/v0.5.3"},"time":"2018-07-09T13:51:04+00:00"},{"version":"v0.5.2","version_normalized":"0.5.2.0","source":{"url":"https://github.com/reactphp/event-loop.git","type":"git","reference":"e94985d93c689c554265b01014f8c3064921ca27"},"dist":{"url":"https://api.github.com/repos/reactphp/event-loop/zipball/e94985d93c689c554265b01014f8c3064921ca27","type":"zip","shasum":"","reference":"e94985d93c689c554265b01014f8c3064921ca27"},"support":{"issues":"https://github.com/reactphp/event-loop/issues","source":"https://github.com/reactphp/event-loop/tree/v0.5.2"},"time":"2018-04-24T11:23:06+00:00"},{"version":"v0.5.1","version_normalized":"0.5.1.0","source":{"url":"https://github.com/reactphp/event-loop.git","type":"git","reference":"e1e0647a5c6e2c86013a24e9c8252113df86105a"},"dist":{"url":"https://api.github.com/repos/reactphp/event-loop/zipball/e1e0647a5c6e2c86013a24e9c8252113df86105a","type":"zip","shasum":"","reference":"e1e0647a5c6e2c86013a24e9c8252113df86105a"},"support":{"issues":"https://github.com/reactphp/event-loop/issues","source":"https://github.com/reactphp/event-loop/tree/v0.5.1"},"time":"2018-04-09T11:59:21+00:00"},{"version":"v0.5.0","version_normalized":"0.5.0.0","source":{"url":"https://github.com/reactphp/event-loop.git","type":"git","reference":"f3ab8edeb6416466a73b1217b3af475ce9e3b087"},"dist":{"url":"https://api.github.com/repos/reactphp/event-loop/zipball/f3ab8edeb6416466a73b1217b3af475ce9e3b087","type":"zip","shasum":"","reference":"f3ab8edeb6416466a73b1217b3af475ce9e3b087"},"support":{"issues":"https://github.com/reactphp/event-loop/issues","source":"https://github.com/reactphp/event-loop/tree/v0.5.0"},"time":"2018-04-05T11:53:43+00:00"},{"description":"Event loop abstraction layer that libraries can use for evented I/O.","version":"v0.4.3","version_normalized":"0.4.3.0","source":{"url":"https://github.com/reactphp/event-loop.git","type":"git","reference":"8bde03488ee897dc6bb3d91e4e17c353f9c5252f"},"dist":{"url":"https://api.github.com/repos/reactphp/event-loop/zipball/8bde03488ee897dc6bb3d91e4e17c353f9c5252f","type":"zip","shasum":"","reference":"8bde03488ee897dc6bb3d91e4e17c353f9c5252f"},"support":{"issues":"https://github.com/reactphp/event-loop/issues","source":"https://github.com/reactphp/event-loop/tree/0.4"},"time":"2017-04-27T10:56:23+00:00","require":{"php":">=5.4.0"},"require-dev":{"phpunit/phpunit":"~4.8"},"suggest":{"ext-libevent":">=0.1.0","ext-event":"~1.0","ext-libev":"*"}},{"version":"v0.4.2","version_normalized":"0.4.2.0","source":{"url":"https://github.com/reactphp/event-loop.git","type":"git","reference":"164799f73175e1c80bba92a220ea35df6ca371dd"},"dist":{"url":"https://api.github.com/repos/reactphp/event-loop/zipball/164799f73175e1c80bba92a220ea35df6ca371dd","type":"zip","shasum":"","reference":"164799f73175e1c80bba92a220ea35df6ca371dd"},"support":{"issues":"https://github.com/reactphp/event-loop/issues","source":"https://github.com/reactphp/event-loop/tree/master"},"time":"2016-03-08T02:09:32+00:00","extra":{"branch-alias":{"dev-master":"0.5-dev"}},"require-dev":"__unset"},{"keywords":["event-loop"],"version":"v0.4.1","version_normalized":"0.4.1.0","source":{"url":"https://github.com/reactphp/event-loop.git","type":"git","reference":"18c5297087ca01de85518e2b55078f444144aa1b"},"dist":{"url":"https://api.github.com/repos/reactphp/event-loop/zipball/18c5297087ca01de85518e2b55078f444144aa1b","type":"zip","shasum":"","reference":"18c5297087ca01de85518e2b55078f444144aa1b"},"support":{"source":"https://github.com/reactphp/event-loop/tree/v0.4.1"},"time":"2014-02-26T17:36:58+00:00","autoload":{"psr-4":{"React\\EventLoop\\":""}},"extra":{"branch-alias":{"dev-master":"0.4-dev"}}},{"version":"v0.4.0","version_normalized":"0.4.0.0","source":{"url":"https://github.com/reactphp/event-loop.git","type":"git","reference":"d0e914903c35b435ad7ee95b0bdd410fa01b3a6e"},"dist":{"url":"https://api.github.com/repos/reactphp/event-loop/zipball/d0e914903c35b435ad7ee95b0bdd410fa01b3a6e","type":"zip","shasum":"","reference":"d0e914903c35b435ad7ee95b0bdd410fa01b3a6e"},"support":{"source":"https://github.com/reactphp/event-loop/tree/v0.4.0"},"time":"2014-02-02T21:27:39+00:00"},{"version":"v0.3.5","version_normalized":"0.3.5.0","source":{"url":"https://github.com/reactphp/event-loop.git","type":"git","reference":"13e03b17e54ea864c6653a2cf6d146dad8464e91"},"dist":{"url":"https://api.github.com/repos/reactphp/event-loop/zipball/13e03b17e54ea864c6653a2cf6d146dad8464e91","type":"zip","shasum":"","reference":"13e03b17e54ea864c6653a2cf6d146dad8464e91"},"support":{"issues":"https://github.com/reactphp/event-loop/issues","source":"https://github.com/reactphp/event-loop/tree/v0.3.5"},"time":"2016-12-28T22:48:03+00:00","autoload":{"psr-0":{"React\\EventLoop":""}},"extra":{"branch-alias":{"dev-master":"0.3-dev"}},"target-dir":"React/EventLoop","require":{"php":">=5.3.3"},"suggest":{"ext-libevent":">=0.0.5","ext-libev":"*"}},{"version":"v0.3.4","version_normalized":"0.3.4.0","source":{"url":"https://github.com/reactphp/event-loop.git","type":"git","reference":"235cddfa999a392e7d63dc9bef2e042492608d9f"},"dist":{"url":"https://api.github.com/repos/reactphp/event-loop/zipball/235cddfa999a392e7d63dc9bef2e042492608d9f","type":"zip","shasum":"","reference":"235cddfa999a392e7d63dc9bef2e042492608d9f"},"support":{"source":"https://github.com/reactphp/event-loop/tree/v0.3.4"},"time":"2013-07-21T02:23:09+00:00"},{"version":"v0.3.3","version_normalized":"0.3.3.0","source":{"url":"https://github.com/reactphp/event-loop.git","type":"git","reference":"c75b334ef4a345d6c89954af71a4ef17fce4d04d"},"dist":{"url":"https://api.github.com/repos/reactphp/event-loop/zipball/c75b334ef4a345d6c89954af71a4ef17fce4d04d","type":"zip","shasum":"","reference":"c75b334ef4a345d6c89954af71a4ef17fce4d04d"},"support":{"source":"https://github.com/reactphp/event-loop/tree/v0.3.3"},"time":"2013-07-08T22:38:22+00:00"},{"version":"v0.3.0","version_normalized":"0.3.0.0","source":{"url":"https://github.com/reactphp/event-loop.git","type":"git","reference":"798a43b2e9bd3cedaf7c5de6a39e6d03e4db8e32"},"dist":{"url":"https://api.github.com/repos/reactphp/event-loop/zipball/798a43b2e9bd3cedaf7c5de6a39e6d03e4db8e32","type":"zip","shasum":"","reference":"798a43b2e9bd3cedaf7c5de6a39e6d03e4db8e32"},"support":{"source":"https://github.com/reactphp/event-loop/tree/v0.3.2"},"time":"2013-01-14T23:11:47+00:00"},{"version":"v0.2.7","version_normalized":"0.2.7.0","source":{"url":"https://github.com/reactphp/event-loop.git","type":"git","reference":"134b94dc555d320bd31253a215c8a65ef151a79a"},"dist":{"url":"https://api.github.com/repos/reactphp/event-loop/zipball/134b94dc555d320bd31253a215c8a65ef151a79a","type":"zip","shasum":"","reference":"134b94dc555d320bd31253a215c8a65ef151a79a"},"support":{"source":"https://github.com/reactphp/event-loop/tree/v0.2.7"},"time":"2013-01-05T11:41:26+00:00","extra":{"branch-alias":{"dev-master":"0.2-dev"}}},{"version":"v0.2.6","version_normalized":"0.2.6.0","source":{"url":"https://github.com/reactphp/event-loop.git","type":"git","reference":"4e4bd2c35e222654d3d0670734ce264d566855aa"},"dist":{"url":"https://api.github.com/repos/reactphp/event-loop/zipball/4e4bd2c35e222654d3d0670734ce264d566855aa","type":"zip","shasum":"","reference":"4e4bd2c35e222654d3d0670734ce264d566855aa"},"support":{"source":"https://github.com/reactphp/event-loop/tree/v0.2.6"},"time":"2012-12-26T16:56:12+00:00"},{"version":"v0.2.3","version_normalized":"0.2.3.0","source":{"url":"https://github.com/reactphp/event-loop.git","type":"git","reference":"e8173fea3e86ee1bf7a1bd4b8b0e454129242617"},"dist":{"url":"https://api.github.com/repos/reactphp/event-loop/zipball/e8173fea3e86ee1bf7a1bd4b8b0e454129242617","type":"zip","shasum":"","reference":"e8173fea3e86ee1bf7a1bd4b8b0e454129242617"},"support":{"source":"https://github.com/reactphp/event-loop/tree/v0.2.5"},"time":"2012-11-12T23:00:05+00:00"},{"version":"v0.2.0","version_normalized":"0.2.0.0","source":{"url":"https://github.com/reactphp/event-loop.git","type":"git","reference":"c0963cea3857df5356bc4259e650dcf075e515f0"},"dist":{"url":"https://api.github.com/repos/reactphp/event-loop/zipball/c0963cea3857df5356bc4259e650dcf075e515f0","type":"zip","shasum":"","reference":"c0963cea3857df5356bc4259e650dcf075e515f0"},"support":{"source":"https://github.com/reactphp/event-loop/tree/v0.2.2"},"time":"2012-09-10T12:53:22+00:00","extra":{"branch-alias":[]},"suggest":{"ext-libevent":">=0.0.5"}},{"version":"v0.1.1","version_normalized":"0.1.1.0","source":{"url":"https://github.com/reactphp/event-loop.git","type":"git","reference":"6fb55d83a9da4bce62d3f5af0e75582c9e33d33d"},"dist":{"url":"https://api.github.com/repos/reactphp/event-loop/zipball/6fb55d83a9da4bce62d3f5af0e75582c9e33d33d","type":"zip","shasum":"","reference":"6fb55d83a9da4bce62d3f5af0e75582c9e33d33d"},"support":{"source":"https://github.com/reactphp/event-loop/tree/v0.1.1"},"time":"2012-07-12T21:02:32+00:00","require":{"php":">=5.3.2"}},{"version":"v0.1.0","version_normalized":"0.1.0.0","source":{"url":"https://github.com/reactphp/event-loop.git","type":"git","reference":"192b4548c64cf3e3669941efc22e77f8d0bbfa12"},"dist":{"url":"https://api.github.com/repos/reactphp/event-loop/zipball/192b4548c64cf3e3669941efc22e77f8d0bbfa12","type":"zip","shasum":"","reference":"192b4548c64cf3e3669941efc22e77f8d0bbfa12"},"support":{"source":"https://github.com/reactphp/event-loop/tree/v0.1.0"},"time":"2012-07-11T16:54:15+00:00"}]},"security-advisories":[],"last-modified":"Sat, 06 Apr 2024 07:06:48 GMT"}