{"minified":"composer/2.0","packages":{"react/dns":[{"name":"react/dns","description":"Async DNS resolver for ReactPHP","keywords":["async","dns","dns-resolver","reactphp"],"homepage":"","version":"v1.13.0","version_normalized":"1.13.0.0","license":["MIT"],"authors":[{"name":"Christian Lück","email":"christian@clue.engineering","homepage":"https://clue.engineering/"},{"name":"Cees-Jan Kiewiet","email":"reactphp@ceesjankiewiet.nl","homepage":"https://wyrihaximus.net/"},{"name":"Jan Sorgalla","email":"jsorgalla@gmail.com","homepage":"https://sorgalla.com/"},{"name":"Chris Boden","email":"cboden@gmail.com","homepage":"https://cboden.dev/"}],"source":{"url":"https://github.com/reactphp/dns.git","type":"git","reference":"eb8ae001b5a455665c89c1df97f6fb682f8fb0f5"},"dist":{"url":"https://api.github.com/repos/reactphp/dns/zipball/eb8ae001b5a455665c89c1df97f6fb682f8fb0f5","type":"zip","shasum":"","reference":"eb8ae001b5a455665c89c1df97f6fb682f8fb0f5"},"type":"library","support":{"issues":"https://github.com/reactphp/dns/issues","source":"https://github.com/reactphp/dns/tree/v1.13.0"},"funding":[{"url":"https://opencollective.com/reactphp","type":"open_collective"}],"time":"2024-06-13T14:18:03+00:00","autoload":{"psr-4":{"React\\Dns\\":"src/"}},"require":{"php":">=5.3.0","react/cache":"^1.0 || ^0.6 || ^0.5","react/event-loop":"^1.2","react/promise":"^3.2 || ^2.7 || ^1.2.1"},"require-dev":{"phpunit/phpunit":"^9.6 || ^5.7 || ^4.8.36","react/async":"^4.3 || ^3 || ^2","react/promise-timer":"^1.11"}},{"version":"v1.12.0","version_normalized":"1.12.0.0","source":{"url":"https://github.com/reactphp/dns.git","type":"git","reference":"c134600642fa615b46b41237ef243daa65bb64ec"},"dist":{"url":"https://api.github.com/repos/reactphp/dns/zipball/c134600642fa615b46b41237ef243daa65bb64ec","type":"zip","shasum":"","reference":"c134600642fa615b46b41237ef243daa65bb64ec"},"support":{"issues":"https://github.com/reactphp/dns/issues","source":"https://github.com/reactphp/dns/tree/v1.12.0"},"time":"2023-11-29T12:41:06+00:00","require":{"php":">=5.3.0","react/cache":"^1.0 || ^0.6 || ^0.5","react/event-loop":"^1.2","react/promise":"^3.0 || ^2.7 || ^1.2.1"},"require-dev":{"phpunit/phpunit":"^9.6 || ^5.7 || ^4.8.36","react/async":"^4 || ^3 || ^2","react/promise-timer":"^1.9"}},{"version":"v1.11.0","version_normalized":"1.11.0.0","source":{"url":"https://github.com/reactphp/dns.git","type":"git","reference":"3be0fc8f1eb37d6875cd6f0c6c7d0be81435de9f"},"dist":{"url":"https://api.github.com/repos/reactphp/dns/zipball/3be0fc8f1eb37d6875cd6f0c6c7d0be81435de9f","type":"zip","shasum":"","reference":"3be0fc8f1eb37d6875cd6f0c6c7d0be81435de9f"},"support":{"issues":"https://github.com/reactphp/dns/issues","source":"https://github.com/reactphp/dns/tree/v1.11.0"},"time":"2023-06-02T12:45:26+00:00","require-dev":{"phpunit/phpunit":"^9.5 || ^4.8.35","react/async":"^4 || ^3 || ^2","react/promise-timer":"^1.9"}},{"version":"v1.10.0","version_normalized":"1.10.0.0","source":{"url":"https://github.com/reactphp/dns.git","type":"git","reference":"a5427e7dfa47713e438016905605819d101f238c"},"dist":{"url":"https://api.github.com/repos/reactphp/dns/zipball/a5427e7dfa47713e438016905605819d101f238c","type":"zip","shasum":"","reference":"a5427e7dfa47713e438016905605819d101f238c"},"support":{"issues":"https://github.com/reactphp/dns/issues","source":"https://github.com/reactphp/dns/tree/v1.10.0"},"funding":[{"url":"https://github.com/WyriHaximus","type":"github"},{"url":"https://github.com/clue","type":"github"}],"time":"2022-09-08T12:22:46+00:00","autoload":{"psr-4":{"React\\Dns\\":"src"}},"require":{"php":">=5.3.0","react/cache":"^1.0 || ^0.6 || ^0.5","react/event-loop":"^1.2","react/promise":"^3.0 || ^2.7 || ^1.2.1","react/promise-timer":"^1.9"},"require-dev":{"phpunit/phpunit":"^9.3 || ^4.8.35","react/async":"^4 || ^3 || ^2"}},{"version":"v1.9.0","version_normalized":"1.9.0.0","source":{"url":"https://github.com/reactphp/dns.git","type":"git","reference":"6d38296756fa644e6cb1bfe95eff0f9a4ed6edcb"},"dist":{"url":"https://api.github.com/repos/reactphp/dns/zipball/6d38296756fa644e6cb1bfe95eff0f9a4ed6edcb","type":"zip","shasum":"","reference":"6d38296756fa644e6cb1bfe95eff0f9a4ed6edcb"},"support":{"issues":"https://github.com/reactphp/dns/issues","source":"https://github.com/reactphp/dns/tree/v1.9.0"},"time":"2021-12-20T08:46:54+00:00","require":{"php":">=5.3.0","react/cache":"^1.0 || ^0.6 || ^0.5","react/event-loop":"^1.2","react/promise":"^3.0 || ^2.7 || ^1.2.1","react/promise-timer":"^1.8"},"require-dev":{"clue/block-react":"^1.2","phpunit/phpunit":"^9.3 || ^4.8.35"}},{"version":"v1.8.0","version_normalized":"1.8.0.0","source":{"url":"https://github.com/reactphp/dns.git","type":"git","reference":"2a5a74ab751e53863b45fb87e1d3913884f88248"},"dist":{"url":"https://api.github.com/repos/reactphp/dns/zipball/2a5a74ab751e53863b45fb87e1d3913884f88248","type":"zip","shasum":"","reference":"2a5a74ab751e53863b45fb87e1d3913884f88248"},"support":{"issues":"https://github.com/reactphp/dns/issues","source":"https://github.com/reactphp/dns/tree/v1.8.0"},"time":"2021-07-11T12:40:34+00:00","require":{"php":">=5.3.0","react/cache":"^1.0 || ^0.6 || ^0.5","react/event-loop":"^1.2","react/promise":"^3.0 || ^2.7 || ^1.2.1","react/promise-timer":"^1.2"}},{"version":"v1.7.0","version_normalized":"1.7.0.0","source":{"url":"https://github.com/reactphp/dns.git","type":"git","reference":"a45784faebf8fbd59058fad2d8497f71a787d20c"},"dist":{"url":"https://api.github.com/repos/reactphp/dns/zipball/a45784faebf8fbd59058fad2d8497f71a787d20c","type":"zip","shasum":"","reference":"a45784faebf8fbd59058fad2d8497f71a787d20c"},"support":{"issues":"https://github.com/reactphp/dns/issues","source":"https://github.com/reactphp/dns/tree/v1.7.0"},"time":"2021-06-25T10:54:13+00:00","require":{"php":">=5.3.0","react/cache":"^1.0 || ^0.6 || ^0.5","react/event-loop":"^1.0 || ^0.5","react/promise":"^3.0 || ^2.7 || ^1.2.1","react/promise-timer":"^1.2"}},{"version":"v1.6.0","version_normalized":"1.6.0.0","source":{"url":"https://github.com/reactphp/dns.git","type":"git","reference":"bf76d1c312c0c280c4ce53119cd7d08db23ffb4c"},"dist":{"url":"https://api.github.com/repos/reactphp/dns/zipball/bf76d1c312c0c280c4ce53119cd7d08db23ffb4c","type":"zip","shasum":"","reference":"bf76d1c312c0c280c4ce53119cd7d08db23ffb4c"},"support":{"issues":"https://github.com/reactphp/dns/issues","source":"https://github.com/reactphp/dns/tree/v1.6.0"},"time":"2021-06-21T11:56:09+00:00"},{"version":"v1.5.0","version_normalized":"1.5.0.0","source":{"url":"https://github.com/reactphp/dns.git","type":"git","reference":"b22b0b20278e8535e633ab71a52472c5bf620aa1"},"dist":{"url":"https://api.github.com/repos/reactphp/dns/zipball/b22b0b20278e8535e633ab71a52472c5bf620aa1","type":"zip","shasum":"","reference":"b22b0b20278e8535e633ab71a52472c5bf620aa1"},"support":{"issues":"https://github.com/reactphp/dns/issues","source":"https://github.com/reactphp/dns/tree/v1.5.0"},"time":"2021-03-05T12:16:50+00:00"},{"version":"v1.4.0","version_normalized":"1.4.0.0","source":{"url":"https://github.com/reactphp/dns.git","type":"git","reference":"665260757171e2ab17485b44e7ffffa7acb6ca1f"},"dist":{"url":"https://api.github.com/repos/reactphp/dns/zipball/665260757171e2ab17485b44e7ffffa7acb6ca1f","type":"zip","shasum":"","reference":"665260757171e2ab17485b44e7ffffa7acb6ca1f"},"support":{"issues":"https://github.com/reactphp/dns/issues","source":"https://github.com/reactphp/dns/tree/v1.4.0"},"time":"2020-09-18T12:12:55+00:00"},{"version":"v1.3.0","version_normalized":"1.3.0.0","authors":[],"source":{"url":"https://github.com/reactphp/dns.git","type":"git","reference":"89d83794e959ef3e0f1ab792f070b0157de1abf2"},"dist":{"url":"https://api.github.com/repos/reactphp/dns/zipball/89d83794e959ef3e0f1ab792f070b0157de1abf2","type":"zip","shasum":"","reference":"89d83794e959ef3e0f1ab792f070b0157de1abf2"},"support":{"issues":"https://github.com/reactphp/dns/issues","source":"https://github.com/reactphp/dns/tree/v1.3.0"},"funding":[],"time":"2020-07-10T12:12:50+00:00","require-dev":{"clue/block-react":"^1.2","phpunit/phpunit":"^9.0 || ^4.8.35"}},{"version":"v1.2.0","version_normalized":"1.2.0.0","source":{"url":"https://github.com/reactphp/dns.git","type":"git","reference":"a214d90c2884dac18d0cac6176202f247b66d762"},"dist":{"url":"https://api.github.com/repos/reactphp/dns/zipball/a214d90c2884dac18d0cac6176202f247b66d762","type":"zip","shasum":"","reference":"a214d90c2884dac18d0cac6176202f247b66d762"},"support":{"issues":"https://github.com/reactphp/dns/issues","source":"https://github.com/reactphp/dns/tree/v1.2.0"},"time":"2019-08-15T09:06:31+00:00","require":{"php":">=5.3.0","react/cache":"^1.0 || ^0.6 || ^0.5","react/event-loop":"^1.0 || ^0.5","react/promise":"^2.7 || ^1.2.1","react/promise-timer":"^1.2"},"require-dev":{"clue/block-react":"^1.2","phpunit/phpunit":"^7.0 || ^6.4 || ^5.7 || ^4.8.35"},"funding":"__unset"},{"version":"v1.1.0","version_normalized":"1.1.0.0","source":{"url":"https://github.com/reactphp/dns.git","type":"git","reference":"a04f6f23ee40afec2e5814ddfbdf71b9e88bbc1f"},"dist":{"url":"https://api.github.com/repos/reactphp/dns/zipball/a04f6f23ee40afec2e5814ddfbdf71b9e88bbc1f","type":"zip","shasum":"","reference":"a04f6f23ee40afec2e5814ddfbdf71b9e88bbc1f"},"support":{"issues":"https://github.com/reactphp/dns/issues","source":"https://github.com/reactphp/dns/tree/v1.1.0"},"time":"2019-07-18T09:47:47+00:00","require":{"php":">=5.3.0","react/cache":"^1.0 || ^0.6 || ^0.5","react/event-loop":"^1.0 || ^0.5 || ^0.4 || ^0.3.5","react/promise":"^2.1 || ^1.2.1","react/promise-timer":"^1.2"}},{"version":"v1.0.0","version_normalized":"1.0.0.0","source":{"url":"https://github.com/reactphp/dns.git","type":"git","reference":"26c3e7b86f139217b6acc1bc160e2019787555fb"},"dist":{"url":"https://api.github.com/repos/reactphp/dns/zipball/26c3e7b86f139217b6acc1bc160e2019787555fb","type":"zip","shasum":"","reference":"26c3e7b86f139217b6acc1bc160e2019787555fb"},"support":{"issues":"https://github.com/reactphp/dns/issues","source":"https://github.com/reactphp/dns/tree/v1.0.0"},"time":"2019-07-11T14:58:39+00:00","require":{"php":">=5.3.0","react/cache":"^1.0 || ^0.6 || ^0.5","react/event-loop":"^1.0 || ^0.5 || ^0.4 || ^0.3.5","react/promise":"^2.1 || ^1.2.1","react/promise-timer":"^1.2","react/stream":"^1.0 || ^0.7 || ^0.6 || ^0.5 || ^0.4.5"}},{"version":"v0.4.19","version_normalized":"0.4.19.0","source":{"url":"https://github.com/reactphp/dns.git","type":"git","reference":"6852fb98e22d2e5bb35fe5aeeaa96551b120e7c9"},"dist":{"url":"https://api.github.com/repos/reactphp/dns/zipball/6852fb98e22d2e5bb35fe5aeeaa96551b120e7c9","type":"zip","shasum":"","reference":"6852fb98e22d2e5bb35fe5aeeaa96551b120e7c9"},"support":{"issues":"https://github.com/reactphp/dns/issues","source":"https://github.com/reactphp/dns/tree/v0.4.19"},"time":"2019-07-10T21:00:53+00:00"},{"version":"v0.4.18","version_normalized":"0.4.18.0","source":{"url":"https://github.com/reactphp/dns.git","type":"git","reference":"b6778e74f33d38aa1f86d4718b0c6e45806a50d2"},"dist":{"url":"https://api.github.com/repos/reactphp/dns/zipball/b6778e74f33d38aa1f86d4718b0c6e45806a50d2","type":"zip","shasum":"","reference":"b6778e74f33d38aa1f86d4718b0c6e45806a50d2"},"support":{"issues":"https://github.com/reactphp/dns/issues","source":"https://github.com/reactphp/dns/tree/v0.4.18"},"time":"2019-07-09T10:19:27+00:00"},{"version":"v0.4.17","version_normalized":"0.4.17.0","source":{"url":"https://github.com/reactphp/dns.git","type":"git","reference":"0f30c6ceb71504d359d51132a97e1703051f1589"},"dist":{"url":"https://api.github.com/repos/reactphp/dns/zipball/0f30c6ceb71504d359d51132a97e1703051f1589","type":"zip","shasum":"","reference":"0f30c6ceb71504d359d51132a97e1703051f1589"},"support":{"issues":"https://github.com/reactphp/dns/issues","source":"https://github.com/reactphp/dns/tree/v0.4.17"},"time":"2019-04-01T07:31:55+00:00","require":{"php":">=5.3.0","react/cache":"^1.0 || ^0.6 || ^0.5 || ^0.4 || ^0.3","react/event-loop":"^1.0 || ^0.5 || ^0.4 || ^0.3.5","react/promise":"^2.1 || ^1.2.1","react/promise-timer":"^1.2","react/stream":"^1.0 || ^0.7 || ^0.6 || ^0.5 || ^0.4.5"}},{"version":"v0.4.16","version_normalized":"0.4.16.0","source":{"url":"https://github.com/reactphp/dns.git","type":"git","reference":"0a0bedfec72b38406413c6ea01e1c015bd0bf72b"},"dist":{"url":"https://api.github.com/repos/reactphp/dns/zipball/0a0bedfec72b38406413c6ea01e1c015bd0bf72b","type":"zip","shasum":"","reference":"0a0bedfec72b38406413c6ea01e1c015bd0bf72b"},"support":{"issues":"https://github.com/reactphp/dns/issues","source":"https://github.com/reactphp/dns/tree/v0.4.16"},"time":"2018-11-11T11:21:13+00:00","require":{"php":">=5.3.0","react/cache":"^0.5 || ^0.4 || ^0.3","react/event-loop":"^1.0 || ^0.5 || ^0.4 || ^0.3.5","react/promise":"^2.1 || ^1.2.1","react/promise-timer":"^1.2","react/stream":"^1.0 || ^0.7 || ^0.6 || ^0.5 || ^0.4.5"},"require-dev":{"clue/block-react":"^1.2","phpunit/phpunit":"^6.4 || ^5.7 || ^4.8.35"}},{"version":"v0.4.15","version_normalized":"0.4.15.0","source":{"url":"https://github.com/reactphp/dns.git","type":"git","reference":"319e110a436d26a2fa137cfa3ef2063951715794"},"dist":{"url":"https://api.github.com/repos/reactphp/dns/zipball/319e110a436d26a2fa137cfa3ef2063951715794","type":"zip","shasum":"","reference":"319e110a436d26a2fa137cfa3ef2063951715794"},"support":{"issues":"https://github.com/reactphp/dns/issues","source":"https://github.com/reactphp/dns/tree/v0.4.15"},"time":"2018-07-02T12:17:56+00:00"},{"version":"v0.4.14","version_normalized":"0.4.14.0","source":{"url":"https://github.com/reactphp/dns.git","type":"git","reference":"75ae3286c03eb022a6fbf909e6148d5022588ba4"},"dist":{"url":"https://api.github.com/repos/reactphp/dns/zipball/75ae3286c03eb022a6fbf909e6148d5022588ba4","type":"zip","shasum":"","reference":"75ae3286c03eb022a6fbf909e6148d5022588ba4"},"support":{"issues":"https://github.com/reactphp/dns/issues","source":"https://github.com/reactphp/dns/tree/v0.4.14"},"time":"2018-06-26T08:20:02+00:00"},{"version":"v0.4.13","version_normalized":"0.4.13.0","source":{"url":"https://github.com/reactphp/dns.git","type":"git","reference":"7d1e08c300fd7de600810883386ee5e2a64898f4"},"dist":{"url":"https://api.github.com/repos/reactphp/dns/zipball/7d1e08c300fd7de600810883386ee5e2a64898f4","type":"zip","shasum":"","reference":"7d1e08c300fd7de600810883386ee5e2a64898f4"},"support":{"issues":"https://github.com/reactphp/dns/issues","source":"https://github.com/reactphp/dns/tree/v0.4.13"},"time":"2018-02-27T12:51:22+00:00","require":{"php":">=5.3.0","react/cache":"~0.4.0|~0.3.0","react/event-loop":"^1.0 || ^0.5 || ^0.4 || ^0.3.5","react/promise":"^2.1 || ^1.2.1","react/promise-timer":"^1.2","react/stream":"^1.0 || ^0.7 || ^0.6 || ^0.5 || ^0.4.5"}},{"version":"v0.4.12","version_normalized":"0.4.12.0","source":{"url":"https://github.com/reactphp/dns.git","type":"git","reference":"c74a0af0c7254e73600fd8c5c95f6bf23c5998f4"},"dist":{"url":"https://api.github.com/repos/reactphp/dns/zipball/c74a0af0c7254e73600fd8c5c95f6bf23c5998f4","type":"zip","shasum":"","reference":"c74a0af0c7254e73600fd8c5c95f6bf23c5998f4"},"support":{"issues":"https://github.com/reactphp/dns/issues","source":"https://github.com/reactphp/dns/tree/v0.4.12"},"time":"2018-01-14T10:04:36+00:00","require":{"php":">=5.3.0","react/cache":"~0.4.0|~0.3.0","react/event-loop":"^1.0 || ^0.5 || ^0.4 || ^0.3.5","react/promise":"^2.1 || ^1.2.1","react/promise-timer":"^1.2","react/socket":"^1.0 || ^0.8 || ^0.7 || ^0.6 || ^0.5 || ^0.4.4","react/stream":"^1.0 || ^0.7 || ^0.6 || ^0.5 || ^0.4.5"}},{"version":"v0.4.11","version_normalized":"0.4.11.0","source":{"url":"https://github.com/reactphp/dns.git","type":"git","reference":"8558bba4f2784aa997670d15fc6f7461a8eb4e53"},"dist":{"url":"https://api.github.com/repos/reactphp/dns/zipball/8558bba4f2784aa997670d15fc6f7461a8eb4e53","type":"zip","shasum":"","reference":"8558bba4f2784aa997670d15fc6f7461a8eb4e53"},"support":{"issues":"https://github.com/reactphp/dns/issues","source":"https://github.com/reactphp/dns/tree/v0.4.11"},"time":"2017-08-25T08:22:48+00:00","require-dev":{"clue/block-react":"^1.2","phpunit/phpunit":"^5.0 || ^4.8.10"}},{"version":"v0.4.10","version_normalized":"0.4.10.0","source":{"url":"https://github.com/reactphp/dns.git","type":"git","reference":"457fbc43c04e9612573a24245d950c091c0fc40e"},"dist":{"url":"https://api.github.com/repos/reactphp/dns/zipball/457fbc43c04e9612573a24245d950c091c0fc40e","type":"zip","shasum":"","reference":"457fbc43c04e9612573a24245d950c091c0fc40e"},"support":{"issues":"https://github.com/reactphp/dns/issues","source":"https://github.com/reactphp/dns/tree/v0.4.10"},"time":"2017-08-10T12:31:41+00:00"},{"keywords":["dns","dns-resolver"],"version":"v0.4.9","version_normalized":"0.4.9.0","source":{"url":"https://github.com/reactphp/dns.git","type":"git","reference":"288b4f36972cdc2f81dae1d1a58a0467e3f625cb"},"dist":{"url":"https://api.github.com/repos/reactphp/dns/zipball/288b4f36972cdc2f81dae1d1a58a0467e3f625cb","type":"zip","shasum":"","reference":"288b4f36972cdc2f81dae1d1a58a0467e3f625cb"},"support":{"issues":"https://github.com/reactphp/dns/issues","source":"https://github.com/reactphp/dns/tree/v0.4.9"},"time":"2017-05-01T17:21:03+00:00","require":{"php":">=5.3.0","react/cache":"~0.4.0|~0.3.0","react/socket":"^1.0 || ^0.8 || ^0.7 || ^0.6 || ^0.5 || ^0.4.4","react/stream":"^1.0 || ^0.7 || ^0.6 || ^0.5 || ^0.4.5","react/promise":"~2.1|~1.2","react/promise-timer":"~1.1"},"require-dev":{"phpunit/phpunit":"^5.0 || ^4.8.10"}},{"version":"v0.4.8","version_normalized":"0.4.8.0","source":{"url":"https://github.com/reactphp/dns.git","type":"git","reference":"86d3da64ebfbecddf6b940c6e69daa67c0f21a05"},"dist":{"url":"https://api.github.com/repos/reactphp/dns/zipball/86d3da64ebfbecddf6b940c6e69daa67c0f21a05","type":"zip","shasum":"","reference":"86d3da64ebfbecddf6b940c6e69daa67c0f21a05"},"support":{"issues":"https://github.com/reactphp/dns/issues","source":"https://github.com/reactphp/dns/tree/master"},"time":"2017-04-16T11:20:57+00:00","require":{"php":">=5.3.0","react/cache":"~0.4.0|~0.3.0","react/socket":"^0.7 || ^0.6 || ^0.5 || ^0.4.4","react/stream":"^0.6 || ^0.5 || ^0.4.5","react/promise":"~2.1|~1.2","react/promise-timer":"~1.1"}},{"version":"v0.4.7","version_normalized":"0.4.7.0","source":{"url":"https://github.com/reactphp/dns.git","type":"git","reference":"e09ca286e3e18fea93317315dd7fc59d7963af8a"},"dist":{"url":"https://api.github.com/repos/reactphp/dns/zipball/e09ca286e3e18fea93317315dd7fc59d7963af8a","type":"zip","shasum":"","reference":"e09ca286e3e18fea93317315dd7fc59d7963af8a"},"support":{"issues":"https://github.com/reactphp/dns/issues","source":"https://github.com/reactphp/dns/tree/v0.4.7"},"time":"2017-03-31T16:21:48+00:00"},{"version":"v0.4.6","version_normalized":"0.4.6.0","source":{"url":"https://github.com/reactphp/dns.git","type":"git","reference":"a4c32f0021c742a1781c445270cb29a2d4b76fed"},"dist":{"url":"https://api.github.com/repos/reactphp/dns/zipball/a4c32f0021c742a1781c445270cb29a2d4b76fed","type":"zip","shasum":"","reference":"a4c32f0021c742a1781c445270cb29a2d4b76fed"},"support":{"issues":"https://github.com/reactphp/dns/issues","source":"https://github.com/reactphp/dns/tree/v0.4.6"},"time":"2017-03-11T13:46:09+00:00","require":{"php":">=5.3.0","react/cache":"~0.4.0|~0.3.0","react/socket":"^0.5 || ^0.4.4","react/stream":"^0.6 || ^0.5 || ^0.4.5","react/promise":"~2.1|~1.2","react/promise-timer":"~1.1"}},{"version":"v0.4.5","version_normalized":"0.4.5.0","source":{"url":"https://github.com/reactphp/dns.git","type":"git","reference":"a029bdd95b285deca3211944e9d0ffe3476f1945"},"dist":{"url":"https://api.github.com/repos/reactphp/dns/zipball/a029bdd95b285deca3211944e9d0ffe3476f1945","type":"zip","shasum":"","reference":"a029bdd95b285deca3211944e9d0ffe3476f1945"},"support":{"issues":"https://github.com/reactphp/dns/issues","source":"https://github.com/reactphp/dns/tree/v0.4.5"},"time":"2017-03-02T20:03:08+00:00","require":{"php":">=5.3.0","react/cache":"~0.4.0|~0.3.0","react/socket":"^0.5 || ^0.4.4","react/promise":"~2.1|~1.2","react/promise-timer":"~1.1"},"require-dev":"__unset"},{"description":"Async DNS resolver.","version":"v0.4.4","version_normalized":"0.4.4.0","source":{"url":"https://github.com/reactphp/dns.git","type":"git","reference":"e3064994379cb4d1e0ee3f5b850b6e8748efae3b"},"dist":{"url":"https://api.github.com/repos/reactphp/dns/zipball/e3064994379cb4d1e0ee3f5b850b6e8748efae3b","type":"zip","shasum":"","reference":"e3064994379cb4d1e0ee3f5b850b6e8748efae3b"},"support":{"issues":"https://github.com/reactphp/dns/issues","source":"https://github.com/reactphp/dns/tree/v0.4.4"},"time":"2017-02-13T09:58:13+00:00","require":{"php":">=5.3.0","react/cache":"~0.4.0|~0.3.0","react/socket":"^0.5 || ^0.4.4","react/promise":"~2.1|~1.2"}},{"version":"v0.4.3","version_normalized":"0.4.3.0","source":{"url":"https://github.com/reactphp/dns.git","type":"git","reference":"751b3129556e04944f164e3556a20ca6e201e459"},"dist":{"url":"https://api.github.com/repos/reactphp/dns/zipball/751b3129556e04944f164e3556a20ca6e201e459","type":"zip","shasum":"","reference":"751b3129556e04944f164e3556a20ca6e201e459"},"support":{"issues":"https://github.com/reactphp/dns/issues","source":"https://github.com/reactphp/dns/tree/v0.4.3"},"time":"2016-08-01T10:09:07+00:00","require":{"php":">=5.3.0","react/cache":"~0.4.0|~0.3.0","react/socket":"~0.4.0|~0.3.0","react/promise":"~2.1|~1.2"}},{"version":"v0.4.2","version_normalized":"0.4.2.0","source":{"url":"https://github.com/reactphp/dns.git","type":"git","reference":"62f6201e487df8add209cc42f05ffca33ee1ba05"},"dist":{"url":"https://api.github.com/repos/reactphp/dns/zipball/62f6201e487df8add209cc42f05ffca33ee1ba05","type":"zip","shasum":"","reference":"62f6201e487df8add209cc42f05ffca33ee1ba05"},"support":{"issues":"https://github.com/reactphp/dns/issues","source":"https://github.com/reactphp/dns/tree/v0.4.2"},"time":"2016-02-24T23:45:36+00:00","extra":{"branch-alias":{"dev-master":"0.4-dev"}},"require":{"php":">=5.3.0","react/cache":"~0.4.0|~0.3.0","react/socket":"~0.4.0|~0.3.0","react/promise":"~2.0|~1.1"}},{"version":"v0.4.1","version_normalized":"0.4.1.0","source":{"url":"https://github.com/reactphp/dns.git","type":"git","reference":"8c5ccc35dcb4b06b70eb9201842363fac7b0f3cf"},"dist":{"url":"https://api.github.com/repos/reactphp/dns/zipball/8c5ccc35dcb4b06b70eb9201842363fac7b0f3cf","type":"zip","shasum":"","reference":"8c5ccc35dcb4b06b70eb9201842363fac7b0f3cf"},"support":{"issues":"https://github.com/reactphp/dns/issues","source":"https://github.com/reactphp/dns/tree/v0.4.1"},"time":"2014-04-12T14:09:10+00:00","autoload":{"psr-4":{"React\\Dns\\":""}},"require":{"php":">=5.4.0","react/cache":"0.4.*","react/socket":"0.4.*","react/promise":"~2.0"}},{"version":"v0.4.0","version_normalized":"0.4.0.0","source":{"url":"https://github.com/reactphp/dns.git","type":"git","reference":"0bd01c43f1d5425a706060abdf8836efc47fb7af"},"dist":{"url":"https://api.github.com/repos/reactphp/dns/zipball/0bd01c43f1d5425a706060abdf8836efc47fb7af","type":"zip","shasum":"","reference":"0bd01c43f1d5425a706060abdf8836efc47fb7af"},"support":{"issues":"https://github.com/reactphp/dns/issues","source":"https://github.com/reactphp/dns/tree/v0.4.0"},"time":"2014-02-02T01:11:26+00:00","autoload":{"psr-0":{"React\\Dns\\":""}}},{"version":"v0.3.2","version_normalized":"0.3.2.0","source":{"url":"https://github.com/reactphp/dns.git","type":"git","reference":"518e12e12f0a86e63ba482ebd728408391cc883f"},"dist":{"url":"https://api.github.com/repos/reactphp/dns/zipball/518e12e12f0a86e63ba482ebd728408391cc883f","type":"zip","shasum":"","reference":"518e12e12f0a86e63ba482ebd728408391cc883f"},"support":{"issues":"https://github.com/reactphp/dns/issues","source":"https://github.com/reactphp/dns/tree/0.3"},"time":"2013-04-27T08:57:30+00:00","autoload":{"psr-0":{"React\\Dns":""}},"extra":{"branch-alias":{"dev-master":"0.3-dev"}},"target-dir":"React/Dns","require":{"php":">=5.3.2","react/cache":"0.3.*","react/socket":"0.3.*","react/promise":"~1.0"}},{"version":"v0.3.0","version_normalized":"0.3.0.0","source":{"url":"https://github.com/reactphp/dns.git","type":"git","reference":"3011d27e9e39f83e702b0e7e469192d36fb21205"},"dist":{"url":"https://api.github.com/repos/reactphp/dns/zipball/3011d27e9e39f83e702b0e7e469192d36fb21205","type":"zip","shasum":"","reference":"3011d27e9e39f83e702b0e7e469192d36fb21205"},"support":{"source":"https://github.com/reactphp/dns/tree/master"},"time":"2013-01-20T19:13:14+00:00"},{"version":"v0.2.6","version_normalized":"0.2.6.0","source":{"url":"https://github.com/reactphp/dns.git","type":"git","reference":"1e1e2ed30c5ff20b3bbc3d38d24d82368266555c"},"dist":{"url":"https://api.github.com/repos/reactphp/dns/zipball/1e1e2ed30c5ff20b3bbc3d38d24d82368266555c","type":"zip","shasum":"","reference":"1e1e2ed30c5ff20b3bbc3d38d24d82368266555c"},"support":{"source":"https://github.com/reactphp/dns/tree/v0.2.6"},"time":"2012-12-26T16:57:51+00:00","extra":{"branch-alias":{"dev-master":"0.2-dev"}},"require":{"php":">=5.3.2","react/cache":"0.2.*","react/socket":"0.2.*","react/promise":"1.0.*"}},{"version":"v0.2.5","version_normalized":"0.2.5.0","source":{"url":"https://github.com/reactphp/dns.git","type":"git","reference":"f9a8b049af9ad9e6fb2adcefaf1ae58640a6929b"},"dist":{"url":"https://api.github.com/repos/reactphp/dns/zipball/f9a8b049af9ad9e6fb2adcefaf1ae58640a6929b","type":"zip","shasum":"","reference":"f9a8b049af9ad9e6fb2adcefaf1ae58640a6929b"},"support":{"source":"https://github.com/reactphp/dns/tree/v0.2.5"},"time":"2012-11-19T13:15:33+00:00","require":{"php":">=5.3.2","react/socket":"0.2.*","react/promise":"1.0.*"}},{"version":"v0.2.4","version_normalized":"0.2.4.0","source":{"url":"https://github.com/reactphp/dns.git","type":"git","reference":"e49452aaa0ef2aa0ad9f44f632d3192dac5b100f"},"dist":{"url":"https://api.github.com/repos/reactphp/dns/zipball/e49452aaa0ef2aa0ad9f44f632d3192dac5b100f","type":"zip","shasum":"","reference":"e49452aaa0ef2aa0ad9f44f632d3192dac5b100f"},"support":{"source":"https://github.com/reactphp/dns/tree/v0.2.4"},"time":"2012-11-17T16:59:43+00:00","extra":"__unset"},{"version":"v0.2.3","version_normalized":"0.2.3.0","source":{"url":"https://github.com/reactphp/dns.git","type":"git","reference":"6396f97b709642283c64234150a8cb2bb93c38b2"},"dist":{"url":"https://api.github.com/repos/reactphp/dns/zipball/6396f97b709642283c64234150a8cb2bb93c38b2","type":"zip","shasum":"","reference":"6396f97b709642283c64234150a8cb2bb93c38b2"},"support":{"source":"https://github.com/reactphp/dns/tree/v0.2.3"},"time":"2012-10-24T20:18:29+00:00","require":{"php":">=5.3.2","react/socket":"0.2.*"}},{"version":"v0.2.2","version_normalized":"0.2.2.0","source":{"url":"https://github.com/reactphp/dns.git","type":"git","reference":"91c0d6da881d6bbf530f630f2666253c047e47ef"},"dist":{"url":"https://api.github.com/repos/reactphp/dns/zipball/91c0d6da881d6bbf530f630f2666253c047e47ef","type":"zip","shasum":"","reference":"91c0d6da881d6bbf530f630f2666253c047e47ef"},"support":{"source":"https://github.com/reactphp/dns/tree/v0.2.2"},"time":"2012-10-24T15:04:15+00:00"},{"version":"v0.2.1","version_normalized":"0.2.1.0","source":{"url":"https://github.com/reactphp/dns.git","type":"git","reference":"b3f85782db76bf18a39866918fc98d181598c512"},"dist":{"url":"https://api.github.com/repos/reactphp/dns/zipball/b3f85782db76bf18a39866918fc98d181598c512","type":"zip","shasum":"","reference":"b3f85782db76bf18a39866918fc98d181598c512"},"support":{"source":"https://github.com/reactphp/dns/tree/v0.2.1"},"time":"2012-09-24T14:50:30+00:00"},{"version":"v0.2.0","version_normalized":"0.2.0.0","source":{"url":"https://github.com/reactphp/dns.git","type":"git","reference":"3ea6da7e5f31e2da99b831f94f42dc47f3a25765"},"dist":{"url":"https://api.github.com/repos/reactphp/dns/zipball/3ea6da7e5f31e2da99b831f94f42dc47f3a25765","type":"zip","shasum":"","reference":"3ea6da7e5f31e2da99b831f94f42dc47f3a25765"},"support":{"source":"https://github.com/reactphp/dns/tree/v0.2.0"},"time":"2012-09-10T12:57:41+00:00"}]},"security-advisories":[],"last-modified":"Thu, 13 Jun 2024 14:19:07 GMT"}