{"minified":"composer/2.0","packages":{"fidry/cpu-core-counter":[{"name":"fidry/cpu-core-counter","description":"Tiny utility to get the number of CPU cores.","keywords":["core","CPU"],"homepage":"","version":"1.2.0","version_normalized":"1.2.0.0","license":["MIT"],"authors":[{"name":"Théo FIDRY","email":"theo.fidry@gmail.com"}],"source":{"url":"https://github.com/theofidry/cpu-core-counter.git","type":"git","reference":"8520451a140d3f46ac33042715115e290cf5785f"},"dist":{"url":"https://api.github.com/repos/theofidry/cpu-core-counter/zipball/8520451a140d3f46ac33042715115e290cf5785f","type":"zip","shasum":"","reference":"8520451a140d3f46ac33042715115e290cf5785f"},"type":"library","support":{"issues":"https://github.com/theofidry/cpu-core-counter/issues","source":"https://github.com/theofidry/cpu-core-counter/tree/1.2.0"},"funding":[{"url":"https://github.com/theofidry","type":"github"}],"time":"2024-08-06T10:04:20+00:00","autoload":{"psr-4":{"Fidry\\CpuCoreCounter\\":"src/"}},"require":{"php":"^7.2 || ^8.0"},"require-dev":{"fidry/makefile":"^0.2.0","fidry/php-cs-fixer-config":"^1.1.2","phpstan/extension-installer":"^1.2.0","phpstan/phpstan":"^1.9.2","phpstan/phpstan-deprecation-rules":"^1.0.0","phpstan/phpstan-phpunit":"^1.2.2","phpstan/phpstan-strict-rules":"^1.4.4","phpunit/phpunit":"^8.5.31 || ^9.5.26","webmozarts/strict-phpunit":"^7.5"}},{"version":"1.1.0","version_normalized":"1.1.0.0","source":{"url":"https://github.com/theofidry/cpu-core-counter.git","type":"git","reference":"f92996c4d5c1a696a6a970e20f7c4216200fcc42"},"dist":{"url":"https://api.github.com/repos/theofidry/cpu-core-counter/zipball/f92996c4d5c1a696a6a970e20f7c4216200fcc42","type":"zip","shasum":"","reference":"f92996c4d5c1a696a6a970e20f7c4216200fcc42"},"support":{"issues":"https://github.com/theofidry/cpu-core-counter/issues","source":"https://github.com/theofidry/cpu-core-counter/tree/1.1.0"},"time":"2024-02-07T09:43:46+00:00"},{"version":"1.0.0","version_normalized":"1.0.0.0","source":{"url":"https://github.com/theofidry/cpu-core-counter.git","type":"git","reference":"85193c0b0cb5c47894b5eaec906e946f054e7077"},"dist":{"url":"https://api.github.com/repos/theofidry/cpu-core-counter/zipball/85193c0b0cb5c47894b5eaec906e946f054e7077","type":"zip","shasum":"","reference":"85193c0b0cb5c47894b5eaec906e946f054e7077"},"support":{"issues":"https://github.com/theofidry/cpu-core-counter/issues","source":"https://github.com/theofidry/cpu-core-counter/tree/1.0.0"},"time":"2023-09-17T21:38:23+00:00"},{"version":"0.5.1","version_normalized":"0.5.1.0","source":{"url":"https://github.com/theofidry/cpu-core-counter.git","type":"git","reference":"b58e5a3933e541dc286cc91fc4f3898bbc6f1623"},"dist":{"url":"https://api.github.com/repos/theofidry/cpu-core-counter/zipball/b58e5a3933e541dc286cc91fc4f3898bbc6f1623","type":"zip","shasum":"","reference":"b58e5a3933e541dc286cc91fc4f3898bbc6f1623"},"support":{"issues":"https://github.com/theofidry/cpu-core-counter/issues","source":"https://github.com/theofidry/cpu-core-counter/tree/0.5.1"},"time":"2022-12-24T12:35:10+00:00","require-dev":{"fidry/makefile":"^0.2.0","phpstan/extension-installer":"^1.2.0","phpstan/phpstan":"^1.9.2","phpstan/phpstan-deprecation-rules":"^1.0.0","phpstan/phpstan-phpunit":"^1.2.2","phpstan/phpstan-strict-rules":"^1.4.4","phpunit/phpunit":"^9.5.26 || ^8.5.31","theofidry/php-cs-fixer-config":"^1.0","webmozarts/strict-phpunit":"^7.5"}},{"version":"0.5.0","version_normalized":"0.5.0.0","source":{"url":"https://github.com/theofidry/cpu-core-counter.git","type":"git","reference":"040127eef12ad4b05a412e767d0d294ea96f6e48"},"dist":{"url":"https://api.github.com/repos/theofidry/cpu-core-counter/zipball/040127eef12ad4b05a412e767d0d294ea96f6e48","type":"zip","shasum":"","reference":"040127eef12ad4b05a412e767d0d294ea96f6e48"},"support":{"issues":"https://github.com/theofidry/cpu-core-counter/issues","source":"https://github.com/theofidry/cpu-core-counter/tree/0.5.0"},"time":"2022-12-17T09:26:59+00:00"},{"version":"0.4.1","version_normalized":"0.4.1.0","source":{"url":"https://github.com/theofidry/cpu-core-counter.git","type":"git","reference":"79261cc280aded96d098e1b0e0ba0c4881b432c2"},"dist":{"url":"https://api.github.com/repos/theofidry/cpu-core-counter/zipball/79261cc280aded96d098e1b0e0ba0c4881b432c2","type":"zip","shasum":"","reference":"79261cc280aded96d098e1b0e0ba0c4881b432c2"},"support":{"issues":"https://github.com/theofidry/cpu-core-counter/issues","source":"https://github.com/theofidry/cpu-core-counter/tree/0.4.1"},"time":"2022-12-16T22:01:02+00:00"},{"version":"0.4.0","version_normalized":"0.4.0.0","source":{"url":"https://github.com/theofidry/cpu-core-counter.git","type":"git","reference":"666cb04a02f2801f3b19955fc23c824f9018bf64"},"dist":{"url":"https://api.github.com/repos/theofidry/cpu-core-counter/zipball/666cb04a02f2801f3b19955fc23c824f9018bf64","type":"zip","shasum":"","reference":"666cb04a02f2801f3b19955fc23c824f9018bf64"},"support":{"issues":"https://github.com/theofidry/cpu-core-counter/issues","source":"https://github.com/theofidry/cpu-core-counter/tree/0.4.0"},"time":"2022-12-10T21:26:31+00:00"},{"version":"0.3.1","version_normalized":"0.3.1.0","source":{"url":"https://github.com/theofidry/cpu-core-counter.git","type":"git","reference":"b7efb3865ce3030b7f4b370187756915483b2c4e"},"dist":{"url":"https://api.github.com/repos/theofidry/cpu-core-counter/zipball/b7efb3865ce3030b7f4b370187756915483b2c4e","type":"zip","shasum":"","reference":"b7efb3865ce3030b7f4b370187756915483b2c4e"},"support":{"issues":"https://github.com/theofidry/cpu-core-counter/issues","source":"https://github.com/theofidry/cpu-core-counter/tree/0.3.1"},"time":"2022-12-08T11:55:30+00:00"},{"version":"0.3.0","version_normalized":"0.3.0.0","source":{"url":"https://github.com/theofidry/cpu-core-counter.git","type":"git","reference":"408e7cf8c5531cb6ff158a6f3b6093bf203fbd68"},"dist":{"url":"https://api.github.com/repos/theofidry/cpu-core-counter/zipball/408e7cf8c5531cb6ff158a6f3b6093bf203fbd68","type":"zip","shasum":"","reference":"408e7cf8c5531cb6ff158a6f3b6093bf203fbd68"},"support":{"issues":"https://github.com/theofidry/cpu-core-counter/issues","source":"https://github.com/theofidry/cpu-core-counter/tree/0.3.0"},"time":"2022-12-08T00:05:47+00:00"},{"version":"0.2.0","version_normalized":"0.2.0.0","source":{"url":"https://github.com/theofidry/cpu-core-counter.git","type":"git","reference":"c528907a1284bde2850c267c058c1e151b72ffef"},"dist":{"url":"https://api.github.com/repos/theofidry/cpu-core-counter/zipball/c528907a1284bde2850c267c058c1e151b72ffef","type":"zip","shasum":"","reference":"c528907a1284bde2850c267c058c1e151b72ffef"},"support":{"issues":"https://github.com/theofidry/cpu-core-counter/issues","source":"https://github.com/theofidry/cpu-core-counter/tree/0.2.0"},"time":"2022-12-04T19:06:24+00:00","autoload":{"psr-4":{"Fidry\\CpuCounter\\":"src/"}},"require":{"php":"^7.4 || ^8.0"},"require-dev":{"fidry/makefile":"^0.2.0","phpstan/extension-installer":"^1.2.0","phpstan/phpstan":"^1.9.2","phpstan/phpstan-deprecation-rules":"^1.0.0","phpstan/phpstan-phpunit":"^1.2.2","phpstan/phpstan-strict-rules":"^1.4.4","phpunit/phpunit":"^9.5.26","theofidry/php-cs-fixer-config":"^1.0","webmozarts/strict-phpunit":"^7.5"}},{"version":"0.1.0","version_normalized":"0.1.0.0","source":{"url":"https://github.com/theofidry/cpu-core-counter.git","type":"git","reference":"d77a641bb1429cb9a2ae76c9562a6aeb5de1b55d"},"dist":{"url":"https://api.github.com/repos/theofidry/cpu-core-counter/zipball/d77a641bb1429cb9a2ae76c9562a6aeb5de1b55d","type":"zip","shasum":"","reference":"d77a641bb1429cb9a2ae76c9562a6aeb5de1b55d"},"support":{"issues":"https://github.com/theofidry/cpu-core-counter/issues","source":"https://github.com/theofidry/cpu-core-counter/tree/0.1.0"},"time":"2022-11-30T23:07:12+00:00","require":{"php":"^7.4 || ^8.0","webmozart/assert":"^1.11"},"require-dev":{"ergebnis/phpstan-rules":"^1.0.0","phpstan/extension-installer":"^1.2.0","phpstan/phpstan":"^1.9.2","phpstan/phpstan-deprecation-rules":"^1.0.0","phpstan/phpstan-phpunit":"^1.2.2","phpstan/phpstan-strict-rules":"^1.4.4","phpunit/phpunit":"^9.5.26","theofidry/php-cs-fixer-config":"^1.0","webmozarts/strict-phpunit":"^7.5"}}]},"security-advisories":[],"last-modified":"Fri, 30 Aug 2024 16:15:01 GMT"}