{"minified":"composer/2.0","packages":{"jean85/pretty-package-versions":[{"name":"jean85/pretty-package-versions","description":"A library to get pretty versions strings of installed dependencies","keywords":["package","composer","release","versions"],"homepage":"","version":"2.1.0","version_normalized":"2.1.0.0","license":["MIT"],"authors":[{"name":"Alessandro Lai","email":"alessandro.lai85@gmail.com"}],"source":{"url":"https://github.com/Jean85/pretty-package-versions.git","type":"git","reference":"3c4e5f62ba8d7de1734312e4fff32f67a8daaf10"},"dist":{"url":"https://api.github.com/repos/Jean85/pretty-package-versions/zipball/3c4e5f62ba8d7de1734312e4fff32f67a8daaf10","type":"zip","shasum":"","reference":"3c4e5f62ba8d7de1734312e4fff32f67a8daaf10"},"type":"library","support":{"issues":"https://github.com/Jean85/pretty-package-versions/issues","source":"https://github.com/Jean85/pretty-package-versions/tree/2.1.0"},"funding":[],"time":"2024-11-18T16:19:46+00:00","autoload":{"psr-4":{"Jean85\\":"src/"}},"extra":{"branch-alias":{"dev-master":"1.x-dev"}},"require":{"php":"^7.4|^8.0","composer-runtime-api":"^2.1.0"},"require-dev":{"friendsofphp/php-cs-fixer":"^3.2","jean85/composer-provided-replaced-stub-package":"^1.0","phpstan/phpstan":"^1.4","phpunit/phpunit":"^7.5|^8.5|^9.6","vimeo/psalm":"^4.3 || ^5.0"}},{"version":"2.0.6","version_normalized":"2.0.6.0","source":{"url":"https://github.com/Jean85/pretty-package-versions.git","type":"git","reference":"f9fdd29ad8e6d024f52678b570e5593759b550b4"},"dist":{"url":"https://api.github.com/repos/Jean85/pretty-package-versions/zipball/f9fdd29ad8e6d024f52678b570e5593759b550b4","type":"zip","shasum":"","reference":"f9fdd29ad8e6d024f52678b570e5593759b550b4"},"support":{"issues":"https://github.com/Jean85/pretty-package-versions/issues","source":"https://github.com/Jean85/pretty-package-versions/tree/2.0.6"},"time":"2024-03-08T09:58:59+00:00","require":{"php":"^7.1|^8.0","composer-runtime-api":"^2.0.0"},"require-dev":{"friendsofphp/php-cs-fixer":"^3.2","jean85/composer-provided-replaced-stub-package":"^1.0","phpstan/phpstan":"^1.4","phpunit/phpunit":"^7.5|^8.5|^9.4","vimeo/psalm":"^4.3"}},{"version":"2.0.5","version_normalized":"2.0.5.0","source":{"url":"https://github.com/Jean85/pretty-package-versions.git","type":"git","reference":"ae547e455a3d8babd07b96966b17d7fd21d9c6af"},"dist":{"url":"https://api.github.com/repos/Jean85/pretty-package-versions/zipball/ae547e455a3d8babd07b96966b17d7fd21d9c6af","type":"zip","shasum":"","reference":"ae547e455a3d8babd07b96966b17d7fd21d9c6af"},"support":{"issues":"https://github.com/Jean85/pretty-package-versions/issues","source":"https://github.com/Jean85/pretty-package-versions/tree/2.0.5"},"time":"2021-10-08T21:21:46+00:00","require-dev":{"friendsofphp/php-cs-fixer":"^2.17","jean85/composer-provided-replaced-stub-package":"^1.0","phpstan/phpstan":"^0.12.66","phpunit/phpunit":"^7.5|^8.5|^9.4","vimeo/psalm":"^4.3"}},{"version":"2.0.4","version_normalized":"2.0.4.0","source":{"url":"https://github.com/Jean85/pretty-package-versions.git","type":"git","reference":"694492c653c518456af2805f04eec445b997ed1f"},"dist":{"url":"https://api.github.com/repos/Jean85/pretty-package-versions/zipball/694492c653c518456af2805f04eec445b997ed1f","type":"zip","shasum":"","reference":"694492c653c518456af2805f04eec445b997ed1f"},"support":{"issues":"https://github.com/Jean85/pretty-package-versions/issues","source":"https://github.com/Jean85/pretty-package-versions/tree/2.0.4"},"time":"2021-05-26T08:46:42+00:00"},{"version":"2.0.3","version_normalized":"2.0.3.0","source":{"url":"https://github.com/Jean85/pretty-package-versions.git","type":"git","reference":"b2c4ec2033a0196317a467cb197c7c843b794ddf"},"dist":{"url":"https://api.github.com/repos/Jean85/pretty-package-versions/zipball/b2c4ec2033a0196317a467cb197c7c843b794ddf","type":"zip","shasum":"","reference":"b2c4ec2033a0196317a467cb197c7c843b794ddf"},"support":{"issues":"https://github.com/Jean85/pretty-package-versions/issues","source":"https://github.com/Jean85/pretty-package-versions/tree/2.0.3"},"time":"2021-02-22T10:52:38+00:00"},{"version":"2.0.2","version_normalized":"2.0.2.0","source":{"url":"https://github.com/Jean85/pretty-package-versions.git","type":"git","reference":"2053f8d459033782d5fa4948c6c0b2d1e7de21e6"},"dist":{"url":"https://api.github.com/repos/Jean85/pretty-package-versions/zipball/2053f8d459033782d5fa4948c6c0b2d1e7de21e6","type":"zip","shasum":"","reference":"2053f8d459033782d5fa4948c6c0b2d1e7de21e6"},"support":{"issues":"https://github.com/Jean85/pretty-package-versions/issues","source":"https://github.com/Jean85/pretty-package-versions/tree/2.0.2"},"time":"2021-02-03T09:41:45+00:00"},{"version":"2.0.1","version_normalized":"2.0.1.0","source":{"url":"https://github.com/Jean85/pretty-package-versions.git","type":"git","reference":"6d9ae9a2d9c3a6af0ed65db3205b5d4c03f53f77"},"dist":{"url":"https://api.github.com/repos/Jean85/pretty-package-versions/zipball/6d9ae9a2d9c3a6af0ed65db3205b5d4c03f53f77","type":"zip","shasum":"","reference":"6d9ae9a2d9c3a6af0ed65db3205b5d4c03f53f77"},"support":{"issues":"https://github.com/Jean85/pretty-package-versions/issues","source":"https://github.com/Jean85/pretty-package-versions/tree/2.0.1"},"time":"2021-01-28T14:06:22+00:00"},{"version":"2.0.0","version_normalized":"2.0.0.0","source":{"url":"https://github.com/Jean85/pretty-package-versions.git","type":"git","reference":"915a3e21454a817b817e7c1597fc01c2353a8a1f"},"dist":{"url":"https://api.github.com/repos/Jean85/pretty-package-versions/zipball/915a3e21454a817b817e7c1597fc01c2353a8a1f","type":"zip","shasum":"","reference":"915a3e21454a817b817e7c1597fc01c2353a8a1f"},"support":{"issues":"https://github.com/Jean85/pretty-package-versions/issues","source":"https://github.com/Jean85/pretty-package-versions/tree/2.0.0"},"time":"2021-01-14T21:54:24+00:00","require-dev":{"friendsofphp/php-cs-fixer":"^2.17","phpstan/phpstan":"^0.12.66","phpunit/phpunit":"^7.5|^8.5|^9.4","vimeo/psalm":"^4.3"}},{"description":"A wrapper for ocramius/package-versions to get pretty versions strings","version":"1.6.0","version_normalized":"1.6.0.0","source":{"url":"https://github.com/Jean85/pretty-package-versions.git","type":"git","reference":"1e0104b46f045868f11942aea058cd7186d6c303"},"dist":{"url":"https://api.github.com/repos/Jean85/pretty-package-versions/zipball/1e0104b46f045868f11942aea058cd7186d6c303","type":"zip","shasum":"","reference":"1e0104b46f045868f11942aea058cd7186d6c303"},"support":{"issues":"https://github.com/Jean85/pretty-package-versions/issues","source":"https://github.com/Jean85/pretty-package-versions/tree/1.6.0"},"time":"2021-02-04T16:20:16+00:00","require":{"php":"^7.0|^8.0","composer/package-versions-deprecated":"^1.8.0"},"require-dev":{"phpunit/phpunit":"^6.0|^8.5|^9.2"}},{"version":"1.5.1","version_normalized":"1.5.1.0","source":{"url":"https://github.com/Jean85/pretty-package-versions.git","type":"git","reference":"a917488320c20057da87f67d0d40543dd9427f7a"},"dist":{"url":"https://api.github.com/repos/Jean85/pretty-package-versions/zipball/a917488320c20057da87f67d0d40543dd9427f7a","type":"zip","shasum":"","reference":"a917488320c20057da87f67d0d40543dd9427f7a"},"support":{"issues":"https://github.com/Jean85/pretty-package-versions/issues","source":"https://github.com/Jean85/pretty-package-versions/tree/1.5.1"},"time":"2020-09-14T08:43:34+00:00"},{"version":"1.5.0","version_normalized":"1.5.0.0","source":{"url":"https://github.com/Jean85/pretty-package-versions.git","type":"git","reference":"e9f4324e88b8664be386d90cf60fbc202e1f7fc9"},"dist":{"url":"https://api.github.com/repos/Jean85/pretty-package-versions/zipball/e9f4324e88b8664be386d90cf60fbc202e1f7fc9","type":"zip","shasum":"","reference":"e9f4324e88b8664be386d90cf60fbc202e1f7fc9"},"support":{"issues":"https://github.com/Jean85/pretty-package-versions/issues","source":"https://github.com/Jean85/pretty-package-versions/tree/1.5.0"},"time":"2020-06-23T06:23:06+00:00","require":{"php":"^7.0","composer/package-versions-deprecated":"^1.8.0"},"require-dev":{"phpunit/phpunit":"^6.0"}},{"version":"1.4.0","version_normalized":"1.4.0.0","source":{"url":"https://github.com/Jean85/pretty-package-versions.git","type":"git","reference":"1fd8d3b809e0d3dd2de20d98b1198d63bf5289a1"},"dist":{"url":"https://api.github.com/repos/Jean85/pretty-package-versions/zipball/1fd8d3b809e0d3dd2de20d98b1198d63bf5289a1","type":"zip","shasum":"","reference":"1fd8d3b809e0d3dd2de20d98b1198d63bf5289a1"},"support":{"issues":"https://github.com/Jean85/pretty-package-versions/issues","source":"https://github.com/Jean85/pretty-package-versions/tree/master"},"time":"2020-04-28T06:34:14+00:00","extra":{"branch-alias":{"dev-master":"1.4-dev"}},"require":{"php":"^7.0","composer-runtime-api":"^2.0"}},{"version":"1.3.0","version_normalized":"1.3.0.0","source":{"url":"https://github.com/Jean85/pretty-package-versions.git","type":"git","reference":"e3517fb11b67e798239354fe8213927d012ad8f9"},"dist":{"url":"https://api.github.com/repos/Jean85/pretty-package-versions/zipball/e3517fb11b67e798239354fe8213927d012ad8f9","type":"zip","shasum":"","reference":"e3517fb11b67e798239354fe8213927d012ad8f9"},"support":{"issues":"https://github.com/Jean85/pretty-package-versions/issues","source":"https://github.com/Jean85/pretty-package-versions/tree/1.3.0"},"time":"2020-04-24T14:19:45+00:00","extra":{"branch-alias":{"dev-master":"1.x-dev"}},"require":{"php":"^7.0","composer/package-versions-deprecated":"^1.8.0"}},{"version":"1.2","version_normalized":"1.2.0.0","source":{"url":"https://github.com/Jean85/pretty-package-versions.git","type":"git","reference":"75c7effcf3f77501d0e0caa75111aff4daa0dd48"},"dist":{"url":"https://api.github.com/repos/Jean85/pretty-package-versions/zipball/75c7effcf3f77501d0e0caa75111aff4daa0dd48","type":"zip","shasum":"","reference":"75c7effcf3f77501d0e0caa75111aff4daa0dd48"},"support":{"issues":"https://github.com/Jean85/pretty-package-versions/issues","source":"https://github.com/Jean85/pretty-package-versions/tree/1.2"},"time":"2018-06-13T13:22:40+00:00","require":{"php":"^7.0","ocramius/package-versions":"^1.2.0"},"funding":"__unset"},{"description":"A wrapper for ocramius/pretty-package-versions to get pretty versions strings","version":"1.1","version_normalized":"1.1.0.0","source":{"url":"https://github.com/Jean85/pretty-package-versions.git","type":"git","reference":"d457344b6a035ef99236bdda4729ad7eeb233f54"},"dist":{"url":"https://api.github.com/repos/Jean85/pretty-package-versions/zipball/d457344b6a035ef99236bdda4729ad7eeb233f54","type":"zip","shasum":"","reference":"d457344b6a035ef99236bdda4729ad7eeb233f54"},"support":{"issues":"https://github.com/Jean85/pretty-package-versions/issues","source":"https://github.com/Jean85/pretty-package-versions/tree/1.1"},"time":"2018-01-21T13:54:22+00:00"},{"keywords":["package versions"],"version":"1.0.3","version_normalized":"1.0.3.0","source":{"url":"https://github.com/Jean85/pretty-package-versions.git","type":"git","reference":"3c8487fdd6c750ff3f10c32ddfdd2a7803c1d461"},"dist":{"url":"https://api.github.com/repos/Jean85/pretty-package-versions/zipball/3c8487fdd6c750ff3f10c32ddfdd2a7803c1d461","type":"zip","shasum":"","reference":"3c8487fdd6c750ff3f10c32ddfdd2a7803c1d461"},"support":{"issues":"https://github.com/Jean85/pretty-package-versions/issues","source":"https://github.com/Jean85/pretty-package-versions/tree/master"},"time":"2017-11-30T22:02:29+00:00","extra":"__unset"},{"version":"1.0.2","version_normalized":"1.0.2.0","source":{"url":"https://github.com/Jean85/pretty-package-versions.git","type":"git","reference":"cda6ed1bfbcf7a3736b8943466ad8b1b5c0cc7c9"},"dist":{"url":"https://api.github.com/repos/Jean85/pretty-package-versions/zipball/cda6ed1bfbcf7a3736b8943466ad8b1b5c0cc7c9","type":"zip","shasum":"","reference":"cda6ed1bfbcf7a3736b8943466ad8b1b5c0cc7c9"},"support":{"issues":"https://github.com/Jean85/pretty-package-versions/issues","source":"https://github.com/Jean85/pretty-package-versions/tree/1.0.2"},"time":"2017-09-06T15:48:57+00:00","require":{"php":"^7.0","ocramius/package-versions":"^1.1.3"}},{"keywords":["testing","phpunit","parallel test"],"version":"1.0.1","version_normalized":"1.0.1.0","source":{"url":"https://github.com/Jean85/pretty-package-versions.git","type":"git","reference":"1463537075283fb54b263c6db939ec9ceae11e0f"},"dist":{"url":"https://api.github.com/repos/Jean85/pretty-package-versions/zipball/1463537075283fb54b263c6db939ec9ceae11e0f","type":"zip","shasum":"","reference":"1463537075283fb54b263c6db939ec9ceae11e0f"},"support":{"issues":"https://github.com/Jean85/pretty-package-versions/issues","source":"https://github.com/Jean85/pretty-package-versions/tree/1.0.1"},"time":"2017-07-06T15:13:38+00:00","require":{"php":"^7.0","ocramius/package-versions":"^1.0"}},{"version":"1.0","version_normalized":"1.0.0.0","source":{"url":"https://github.com/Jean85/pretty-package-versions.git","type":"git","reference":"dc0eadb61a72af5e5a45e738694e545cc382342a"},"dist":{"url":"https://api.github.com/repos/Jean85/pretty-package-versions/zipball/dc0eadb61a72af5e5a45e738694e545cc382342a","type":"zip","shasum":"","reference":"dc0eadb61a72af5e5a45e738694e545cc382342a"},"support":{"issues":"https://github.com/Jean85/pretty-package-versions/issues","source":"https://github.com/Jean85/pretty-package-versions/tree/master"},"time":"2017-07-06T08:57:49+00:00"}]},"security-advisories":[],"last-modified":"Mon, 18 Nov 2024 16:41:04 GMT"}