{"minified":"composer/2.0","packages":{"pestphp/pest-plugin-laravel":[{"name":"pestphp/pest-plugin-laravel","description":"The Pest Laravel Plugin","keywords":["framework","php","testing","test","unit","laravel","pest"],"homepage":"","version":"v3.0.0","version_normalized":"3.0.0.0","license":["MIT"],"authors":[],"source":{"url":"https://github.com/pestphp/pest-plugin-laravel.git","type":"git","reference":"7dd98c0c3b3542970ec21fce80ec5c88916ac469"},"dist":{"url":"https://api.github.com/repos/pestphp/pest-plugin-laravel/zipball/7dd98c0c3b3542970ec21fce80ec5c88916ac469","type":"zip","shasum":"","reference":"7dd98c0c3b3542970ec21fce80ec5c88916ac469"},"type":"library","support":{"source":"https://github.com/pestphp/pest-plugin-laravel/tree/v3.0.0"},"funding":[{"url":"https://www.paypal.com/paypalme/enunomaduro","type":"custom"},{"url":"https://github.com/nunomaduro","type":"github"}],"time":"2024-09-08T23:32:52+00:00","autoload":{"files":["src/Autoload.php"],"psr-4":{"Pest\\Laravel\\":"src/"}},"extra":{"laravel":{"providers":["Pest\\Laravel\\PestServiceProvider"]},"pest":{"plugins":["Pest\\Laravel\\Plugin"]}},"require":{"php":"^8.2.0","laravel/framework":"^11.22.0","pestphp/pest":"^3.0.0"},"require-dev":{"laravel/dusk":"^8.2.5","orchestra/testbench":"^9.4.0","pestphp/pest-dev-tools":"^3.0.0"}},{"version":"v2.4.0","version_normalized":"2.4.0.0","source":{"url":"https://github.com/pestphp/pest-plugin-laravel.git","type":"git","reference":"53df51169a7f9595e06839cce638c73e59ace5e8"},"dist":{"url":"https://api.github.com/repos/pestphp/pest-plugin-laravel/zipball/53df51169a7f9595e06839cce638c73e59ace5e8","type":"zip","shasum":"","reference":"53df51169a7f9595e06839cce638c73e59ace5e8"},"support":{"source":"https://github.com/pestphp/pest-plugin-laravel/tree/v2.4.0"},"time":"2024-04-27T10:41:54+00:00","require":{"php":"^8.1.0","laravel/framework":"^10.48.9|^11.5.0","pestphp/pest":"^2.34.7"},"require-dev":{"laravel/dusk":"^7.13.0","orchestra/testbench":"^8.22.3|^9.0.4","pestphp/pest-dev-tools":"^2.16.0"}},{"version":"v2.3.0","version_normalized":"2.3.0.0","source":{"url":"https://github.com/pestphp/pest-plugin-laravel.git","type":"git","reference":"2f6ea6233bb74ec65d969ecdea56bdbd3d1e2f0e"},"dist":{"url":"https://api.github.com/repos/pestphp/pest-plugin-laravel/zipball/2f6ea6233bb74ec65d969ecdea56bdbd3d1e2f0e","type":"zip","shasum":"","reference":"2f6ea6233bb74ec65d969ecdea56bdbd3d1e2f0e"},"support":{"source":"https://github.com/pestphp/pest-plugin-laravel/tree/v2.3.0"},"time":"2024-02-17T10:04:08+00:00","require":{"php":"^8.1.0","laravel/framework":"^10.44.0|^11.0","pestphp/pest":"^2.33.6"},"require-dev":{"laravel/dusk":"^7.12.3","orchestra/testbench":"^8.21.1|^9.0.0","pestphp/pest-dev-tools":"^2.16.0"}},{"version":"v2.2.0","version_normalized":"2.2.0.0","source":{"url":"https://github.com/pestphp/pest-plugin-laravel.git","type":"git","reference":"77a2838c1d3b09d147211e76a48987ba9a758279"},"dist":{"url":"https://api.github.com/repos/pestphp/pest-plugin-laravel/zipball/77a2838c1d3b09d147211e76a48987ba9a758279","type":"zip","shasum":"","reference":"77a2838c1d3b09d147211e76a48987ba9a758279"},"support":{"source":"https://github.com/pestphp/pest-plugin-laravel/tree/v2.2.0"},"time":"2023-08-10T15:37:09+00:00","extra":{"laravel":{"providers":["Pest\\Laravel\\PestServiceProvider"]}},"require":{"php":"^8.1.0","laravel/framework":"^10.18.0|^11.0","pestphp/pest":"^2.13.0"},"require-dev":{"laravel/dusk":"^7.9.3","orchestra/testbench":"^8.6.3","pestphp/pest-dev-tools":"^2.14.0"}},{"version":"v2.1.0","version_normalized":"2.1.0.0","source":{"url":"https://github.com/pestphp/pest-plugin-laravel.git","type":"git","reference":"db6295986e3c506dbf37c16ddc64c4a83e96bd75"},"dist":{"url":"https://api.github.com/repos/pestphp/pest-plugin-laravel/zipball/db6295986e3c506dbf37c16ddc64c4a83e96bd75","type":"zip","shasum":"","reference":"db6295986e3c506dbf37c16ddc64c4a83e96bd75"},"support":{"source":"https://github.com/pestphp/pest-plugin-laravel/tree/v2.1.0"},"time":"2023-07-18T11:41:02+00:00","require":{"php":"^8.1.0","laravel/framework":"^10.15.0","pestphp/pest":"^2.8.3"},"require-dev":{"laravel/dusk":"^7.8.0","orchestra/testbench":"^8.5.10","pestphp/pest-dev-tools":"^2.12.0"}},{"version":"v2.0.0","version_normalized":"2.0.0.0","source":{"url":"https://github.com/pestphp/pest-plugin-laravel.git","type":"git","reference":"fc28f077fc3a461dfc11de4f50dbfef2aba1186d"},"dist":{"url":"https://api.github.com/repos/pestphp/pest-plugin-laravel/zipball/fc28f077fc3a461dfc11de4f50dbfef2aba1186d","type":"zip","shasum":"","reference":"fc28f077fc3a461dfc11de4f50dbfef2aba1186d"},"support":{"source":"https://github.com/pestphp/pest-plugin-laravel/tree/v2.0.0"},"time":"2023-03-20T09:27:24+00:00","require":{"php":"^8.1.0","laravel/framework":"^10.4.1","pestphp/pest":"^2.0.0"},"require-dev":{"laravel/dusk":"^7.7.0","orchestra/testbench":"^8.0.10","pestphp/pest-dev-tools":"^2.5.0"}},{"version":"v1.4.0","version_normalized":"1.4.0.0","source":{"url":"https://github.com/pestphp/pest-plugin-laravel.git","type":"git","reference":"61935be0deae1732a3ead780fbd9277aa93e2f6d"},"dist":{"url":"https://api.github.com/repos/pestphp/pest-plugin-laravel/zipball/61935be0deae1732a3ead780fbd9277aa93e2f6d","type":"zip","shasum":"","reference":"61935be0deae1732a3ead780fbd9277aa93e2f6d"},"support":{"source":"https://github.com/pestphp/pest-plugin-laravel/tree/v1.4.0"},"funding":[{"url":"https://www.paypal.com/paypalme/enunomaduro","type":"custom"},{"url":"https://github.com/nunomaduro","type":"github"},{"url":"https://www.patreon.com/nunomaduro","type":"patreon"}],"time":"2023-01-13T16:54:07+00:00","require":{"php":"^7.3 || ^8.0","laravel/framework":"^7.30.6 || ^8.83.27 || ^9.47.0 || ^10.0.0","pestphp/pest":"^1.22.1"},"require-dev":{"orchestra/testbench":"^5.20.0 || ^6.25.0 || ^7.7.0 || ^8.0","pestphp/pest-dev-tools":"^1.0.0"},"extra":"__unset"},{"version":"v1.3.0","version_normalized":"1.3.0.0","source":{"url":"https://github.com/pestphp/pest-plugin-laravel.git","type":"git","reference":"561930875e0336441f93fbd120fd53a2a890a8f5"},"dist":{"url":"https://api.github.com/repos/pestphp/pest-plugin-laravel/zipball/561930875e0336441f93fbd120fd53a2a890a8f5","type":"zip","shasum":"","reference":"561930875e0336441f93fbd120fd53a2a890a8f5"},"support":{"source":"https://github.com/pestphp/pest-plugin-laravel/tree/v1.3.0"},"time":"2022-09-18T13:04:53+00:00","extra":{"branch-alias":{"dev-master":"1.x-dev"}},"require":{"php":"^7.3 || ^8.0","laravel/framework":"^7.30.6 || ^8.83.23 || ^9.30.1","pestphp/pest":"^1.22.1"},"require-dev":{"orchestra/testbench":"^5.20.0 || ^6.25.0 || ^7.7.0","pestphp/pest-dev-tools":"dev-master"}},{"version":"v1.2.0","version_normalized":"1.2.0.0","source":{"url":"https://github.com/pestphp/pest-plugin-laravel.git","type":"git","reference":"64996218006570f6f58f3c7ebb6f0c7bfb3c60b9"},"dist":{"url":"https://api.github.com/repos/pestphp/pest-plugin-laravel/zipball/64996218006570f6f58f3c7ebb6f0c7bfb3c60b9","type":"zip","shasum":"","reference":"64996218006570f6f58f3c7ebb6f0c7bfb3c60b9"},"support":{"source":"https://github.com/pestphp/pest-plugin-laravel/tree/v1.2.0"},"time":"2022-01-13T17:09:04+00:00","require":{"php":"^7.3 || ^8.0","laravel/framework":"^7.0 || ^8.0 || ^9.0","pestphp/pest":"^1.7"},"require-dev":{"orchestra/testbench":"^5.12.1 || ^6.7.2","pestphp/pest-dev-tools":"dev-master"}},{"version":"v1.1.0","version_normalized":"1.1.0.0","source":{"url":"https://github.com/pestphp/pest-plugin-laravel.git","type":"git","reference":"bacc1ef1f537cf9adf692b6930e54f607ae530ad"},"dist":{"url":"https://api.github.com/repos/pestphp/pest-plugin-laravel/zipball/bacc1ef1f537cf9adf692b6930e54f607ae530ad","type":"zip","shasum":"","reference":"bacc1ef1f537cf9adf692b6930e54f607ae530ad"},"support":{"source":"https://github.com/pestphp/pest-plugin-laravel/tree/v1.1.0"},"funding":[{"url":"https://www.paypal.com/cgi-bin/webscr?cmd=_s-xclick&hosted_button_id=66BYDWAT92N6L","type":"custom"},{"url":"https://github.com/nunomaduro","type":"github"},{"url":"https://www.patreon.com/nunomaduro","type":"patreon"}],"time":"2021-07-07T09:11:42+00:00","require":{"php":"^7.3 || ^8.0","laravel/framework":"^7.0 || ^8.0","pestphp/pest":"^1.7"}},{"version":"v1.0.0","version_normalized":"1.0.0.0","source":{"url":"https://github.com/pestphp/pest-plugin-laravel.git","type":"git","reference":"fed17586b6a117e15f0503543fbb4d0550112db7"},"dist":{"url":"https://api.github.com/repos/pestphp/pest-plugin-laravel/zipball/fed17586b6a117e15f0503543fbb4d0550112db7","type":"zip","shasum":"","reference":"fed17586b6a117e15f0503543fbb4d0550112db7"},"support":{"source":"https://github.com/pestphp/pest-plugin-laravel/tree/v1.0.0"},"time":"2021-01-03T15:45:09+00:00","require":{"php":"^7.3 || ^8.0","laravel/framework":"^7.0 || ^8.0","pestphp/pest":"^1.0"},"require-dev":{"orchestra/testbench":"^5.2 || ^6.0","pestphp/pest-dev-tools":"dev-master"}},{"keywords":["framework","php","testing","plugin","test","unit","pest"],"version":"v0.3.0","version_normalized":"0.3.0.0","source":{"url":"https://github.com/pestphp/pest-plugin-laravel.git","type":"git","reference":"0ec53f5cc2d661088683318629ca16dcd72c41d1"},"dist":{"url":"https://api.github.com/repos/pestphp/pest-plugin-laravel/zipball/0ec53f5cc2d661088683318629ca16dcd72c41d1","type":"zip","shasum":"","reference":"0ec53f5cc2d661088683318629ca16dcd72c41d1"},"support":{"source":"https://github.com/pestphp/pest-plugin-laravel/tree/v0.3.0"},"time":"2020-08-25T21:08:14+00:00","extra":{"branch-alias":{"dev-master":"0.4.x-dev"}},"require":{"php":"^7.3 || ^8.0","laravel/framework":"^7.0 || ^8.0","pestphp/pest":"^0.3"}},{"version":"v0.2.0","version_normalized":"0.2.0.0","source":{"url":"https://github.com/pestphp/pest-plugin-laravel.git","type":"git","reference":"a7d44316eda40be56465d34cb457953e508f4161"},"dist":{"url":"https://api.github.com/repos/pestphp/pest-plugin-laravel/zipball/a7d44316eda40be56465d34cb457953e508f4161","type":"zip","shasum":"","reference":"a7d44316eda40be56465d34cb457953e508f4161"},"support":{"source":"https://github.com/pestphp/pest-plugin-laravel/tree/master"},"time":"2020-06-11T18:44:12+00:00","extra":{"branch-alias":{"dev-master":"0.2.x-dev"}},"require":{"php":"^7.3","laravel/framework":"^7.0","pestphp/pest":"^0.2"},"require-dev":{"orchestra/testbench":"^5.2","pestphp/pest-dev-tools":"dev-master"}}]},"security-advisories":[],"last-modified":"Sun, 08 Sep 2024 23:38:32 GMT"}