{"minified":"composer/2.0","packages":{"pestphp/pest-plugin-coverage":[{"name":"pestphp/pest-plugin-coverage","description":"The Pest Coverage Plugin","keywords":["framework","php","testing","plugin","test","unit","coverage","pest"],"homepage":"","version":"v1.0.0","version_normalized":"1.0.0.0","license":["MIT"],"authors":[],"source":{"url":"https://github.com/pestphp/pest-plugin-coverage.git","type":"git","reference":"50260c8671377a5082a06b9e228a984c13ed199c"},"dist":{"url":"https://api.github.com/repos/pestphp/pest-plugin-coverage/zipball/50260c8671377a5082a06b9e228a984c13ed199c","type":"zip","shasum":"","reference":"50260c8671377a5082a06b9e228a984c13ed199c"},"type":"library","funding":[{"url":"https://www.paypal.com/cgi-bin/webscr?cmd=_s-xclick&hosted_button_id=66BYDWAT92N6L","type":"custom"},{"url":"https://github.com/nunomaduro","type":"github"},{"url":"https://www.patreon.com/nunomaduro","type":"patreon"}],"time":"2021-01-03T15:51:41+00:00","autoload":{"psr-4":{"Pest\\PluginCoverage\\":"src/"}},"extra":{"branch-alias":{"dev-master":"1.x-dev"},"pest":{"plugins":["Pest\\PluginCoverage\\Plugin"]}},"require":{"php":"^7.3 || ^8.0","pestphp/pest-plugin":"^1.0","sebastian/environment":"^5.1.2"},"require-dev":{"pestphp/pest":"^1.0","pestphp/pest-dev-tools":"dev-master"},"conflict":{"pestphp/pest":"<1.0"},"abandoned":"pestphp/pest","support":{"source":"https://github.com/pestphp/pest-plugin-coverage/tree/v1.0.0"}},{"version":"v0.3.0","version_normalized":"0.3.0.0","source":{"url":"https://github.com/pestphp/pest-plugin-coverage.git","type":"git","reference":"f209bb62728841f21f267759a374d66172a162ea"},"dist":{"url":"https://api.github.com/repos/pestphp/pest-plugin-coverage/zipball/f209bb62728841f21f267759a374d66172a162ea","type":"zip","shasum":"","reference":"f209bb62728841f21f267759a374d66172a162ea"},"time":"2020-08-25T20:42:46+00:00","extra":{"branch-alias":{"dev-master":"0.3.x-dev"},"pest":{"plugins":["Pest\\PluginCoverage\\Plugin"]}},"require":{"php":"^7.3 || ^8.0","pestphp/pest-plugin":"^0.3","sebastian/environment":"^5.1.2"},"require-dev":{"pestphp/pest":"^0.3","pestphp/pest-dev-tools":"dev-master"},"conflict":{"pestphp/pest":"<0.3"},"support":{"source":"https://github.com/pestphp/pest-plugin-coverage/tree/master"}},{"version":"v0.2.1","version_normalized":"0.2.1.0","source":{"url":"https://github.com/pestphp/pest-plugin-coverage.git","type":"git","reference":"aa60bfd07ecfb63d191e70867432892068755426"},"dist":{"url":"https://api.github.com/repos/pestphp/pest-plugin-coverage/zipball/aa60bfd07ecfb63d191e70867432892068755426","type":"zip","shasum":"","reference":"aa60bfd07ecfb63d191e70867432892068755426"},"time":"2020-07-18T19:16:10+00:00","extra":{"branch-alias":{"dev-master":"0.2.x-dev"},"pest":{"plugins":["Pest\\PluginCoverage\\Plugin"]}},"require":{"php":"^7.3","pestphp/pest-plugin":"^0.2"},"require-dev":{"pestphp/pest":"^0.2","pestphp/pest-dev-tools":"dev-master"},"conflict":{"pestphp/pest":"<0.2"}},{"version":"v0.2.0","version_normalized":"0.2.0.0","source":{"url":"https://github.com/pestphp/pest-plugin-coverage.git","type":"git","reference":"0849cf8d394124c21f2370f8e37b4bc272ea07c0"},"dist":{"url":"https://api.github.com/repos/pestphp/pest-plugin-coverage/zipball/0849cf8d394124c21f2370f8e37b4bc272ea07c0","type":"zip","shasum":"","reference":"0849cf8d394124c21f2370f8e37b4bc272ea07c0"},"time":"2020-06-11T20:42:52+00:00","extra":{"pest":{"plugins":["Pest\\PluginCoverage\\Plugin"]}},"support":{"issues":"https://github.com/pestphp/pest-plugin-coverage/issues","source":"https://github.com/pestphp/pest-plugin-coverage/tree/master"}}]},"security-advisories":[],"last-modified":"Wed, 06 Sep 2023 13:02:54 GMT"}