{"minified":"composer/2.0","packages":{"react/cache":[{"name":"react/cache","description":"Async, Promise-based cache interface for ReactPHP","keywords":["cache","caching","promise","reactphp"],"homepage":"","version":"v1.2.0","version_normalized":"1.2.0.0","license":["MIT"],"authors":[{"name":"Christian Lück","email":"christian@clue.engineering","homepage":"https://clue.engineering/"},{"name":"Cees-Jan Kiewiet","email":"reactphp@ceesjankiewiet.nl","homepage":"https://wyrihaximus.net/"},{"name":"Jan Sorgalla","email":"jsorgalla@gmail.com","homepage":"https://sorgalla.com/"},{"name":"Chris Boden","email":"cboden@gmail.com","homepage":"https://cboden.dev/"}],"source":{"url":"https://github.com/reactphp/cache.git","type":"git","reference":"d47c472b64aa5608225f47965a484b75c7817d5b"},"dist":{"url":"https://api.github.com/repos/reactphp/cache/zipball/d47c472b64aa5608225f47965a484b75c7817d5b","type":"zip","shasum":"","reference":"d47c472b64aa5608225f47965a484b75c7817d5b"},"type":"library","support":{"issues":"https://github.com/reactphp/cache/issues","source":"https://github.com/reactphp/cache/tree/v1.2.0"},"funding":[{"url":"https://opencollective.com/reactphp","type":"open_collective"}],"time":"2022-11-30T15:59:55+00:00","autoload":{"psr-4":{"React\\Cache\\":"src/"}},"require":{"php":">=5.3.0","react/promise":"^3.0 || ^2.0 || ^1.1"},"require-dev":{"phpunit/phpunit":"^9.5 || ^5.7 || ^4.8.35"}},{"version":"v1.1.1","version_normalized":"1.1.1.0","source":{"url":"https://github.com/reactphp/cache.git","type":"git","reference":"4bf736a2cccec7298bdf745db77585966fc2ca7e"},"dist":{"url":"https://api.github.com/repos/reactphp/cache/zipball/4bf736a2cccec7298bdf745db77585966fc2ca7e","type":"zip","shasum":"","reference":"4bf736a2cccec7298bdf745db77585966fc2ca7e"},"support":{"issues":"https://github.com/reactphp/cache/issues","source":"https://github.com/reactphp/cache/tree/v1.1.1"},"funding":[{"url":"https://github.com/WyriHaximus","type":"github"},{"url":"https://github.com/clue","type":"github"}],"time":"2021-02-02T06:47:52+00:00","require-dev":{"phpunit/phpunit":"^9.3 || ^5.7 || ^4.8.35"}},{"version":"v1.1.0","version_normalized":"1.1.0.0","source":{"url":"https://github.com/reactphp/cache.git","type":"git","reference":"44a568925556b0bd8cacc7b49fb0f1cf0d706a0c"},"dist":{"url":"https://api.github.com/repos/reactphp/cache/zipball/44a568925556b0bd8cacc7b49fb0f1cf0d706a0c","type":"zip","shasum":"","reference":"44a568925556b0bd8cacc7b49fb0f1cf0d706a0c"},"support":{"issues":"https://github.com/reactphp/cache/issues","source":"https://github.com/reactphp/cache/tree/v1.1.0"},"time":"2020-09-18T12:12:35+00:00"},{"version":"v1.0.0","version_normalized":"1.0.0.0","authors":[],"source":{"url":"https://github.com/reactphp/cache.git","type":"git","reference":"aa10d63a1b40a36a486bdf527f28bac607ee6466"},"dist":{"url":"https://api.github.com/repos/reactphp/cache/zipball/aa10d63a1b40a36a486bdf527f28bac607ee6466","type":"zip","shasum":"","reference":"aa10d63a1b40a36a486bdf527f28bac607ee6466"},"support":{"issues":"https://github.com/reactphp/cache/issues","source":"https://github.com/reactphp/cache/tree/v1.0.0"},"time":"2019-07-11T13:45:28+00:00","require":{"php":">=5.3.0","react/promise":"~2.0|~1.1"},"require-dev":{"phpunit/phpunit":"^6.4 || ^5.7 || ^4.8.35"},"funding":"__unset"},{"version":"v0.6.0","version_normalized":"0.6.0.0","source":{"url":"https://github.com/reactphp/cache.git","type":"git","reference":"a42d149e15b8312918327d5be2ba757cd2f23ff9"},"dist":{"url":"https://api.github.com/repos/reactphp/cache/zipball/a42d149e15b8312918327d5be2ba757cd2f23ff9","type":"zip","shasum":"","reference":"a42d149e15b8312918327d5be2ba757cd2f23ff9"},"support":{"issues":"https://github.com/reactphp/cache/issues","source":"https://github.com/reactphp/cache/tree/v0.6.0"},"time":"2019-07-04T14:45:59+00:00"},{"version":"v0.5.0","version_normalized":"0.5.0.0","source":{"url":"https://github.com/reactphp/cache.git","type":"git","reference":"7d7da7fb7574d471904ba357b39bbf110ccdbf66"},"dist":{"url":"https://api.github.com/repos/reactphp/cache/zipball/7d7da7fb7574d471904ba357b39bbf110ccdbf66","type":"zip","shasum":"","reference":"7d7da7fb7574d471904ba357b39bbf110ccdbf66"},"support":{"issues":"https://github.com/reactphp/cache/issues","source":"https://github.com/reactphp/cache/tree/master"},"time":"2018-06-25T12:52:40+00:00"},{"version":"v0.4.2","version_normalized":"0.4.2.0","source":{"url":"https://github.com/reactphp/cache.git","type":"git","reference":"75494f26b4ef089db9bf8c90b63c296246e099e8"},"dist":{"url":"https://api.github.com/repos/reactphp/cache/zipball/75494f26b4ef089db9bf8c90b63c296246e099e8","type":"zip","shasum":"","reference":"75494f26b4ef089db9bf8c90b63c296246e099e8"},"support":{"issues":"https://github.com/reactphp/cache/issues","source":"https://github.com/reactphp/cache/tree/v0.4.2"},"time":"2017-12-20T16:47:13+00:00"},{"description":"Async caching.","keywords":["cache"],"version":"v0.4.1","version_normalized":"0.4.1.0","source":{"url":"https://github.com/reactphp/cache.git","type":"git","reference":"558f614891341b1d817a8cdf9a358948ec49638f"},"dist":{"url":"https://api.github.com/repos/reactphp/cache/zipball/558f614891341b1d817a8cdf9a358948ec49638f","type":"zip","shasum":"","reference":"558f614891341b1d817a8cdf9a358948ec49638f"},"support":{"issues":"https://github.com/reactphp/cache/issues","source":"https://github.com/reactphp/cache/tree/v0.4.1"},"time":"2016-02-25T18:17:16+00:00","autoload":{"psr-4":{"React\\Cache\\":"src\\"}},"require-dev":"__unset"},{"version":"v0.4.0","version_normalized":"0.4.0.0","source":{"url":"https://github.com/reactphp/cache.git","type":"git","reference":"9882ab5d8b00617baae83c6996f5a34668c11beb"},"dist":{"url":"https://api.github.com/repos/reactphp/cache/zipball/9882ab5d8b00617baae83c6996f5a34668c11beb","type":"zip","shasum":"","reference":"9882ab5d8b00617baae83c6996f5a34668c11beb"},"time":"2014-02-02T01:11:26+00:00","autoload":{"psr-4":{"React\\Cache\\":""}},"extra":{"branch-alias":{"dev-master":"0.4-dev"}},"require":{"php":">=5.4.0","react/promise":"~2.0"}},{"version":"v0.3.2","version_normalized":"0.3.2.0","source":{"url":"https://github.com/reactphp/cache.git","type":"git","reference":"437357102effb562b44dbc0ac4eb2c209c4f572b"},"dist":{"url":"https://api.github.com/repos/reactphp/cache/zipball/437357102effb562b44dbc0ac4eb2c209c4f572b","type":"zip","shasum":"","reference":"437357102effb562b44dbc0ac4eb2c209c4f572b"},"support":{"issues":"https://github.com/reactphp/cache/issues","source":"https://github.com/reactphp/cache/tree/0.3"},"time":"2013-04-24T08:33:43+00:00","autoload":{"psr-0":{"React\\Cache":""}},"extra":{"branch-alias":{"dev-master":"0.3-dev"}},"target-dir":"React/Cache","require":{"php":">=5.3.2","react/promise":"~1.0"}},{"version":"v0.3.0","version_normalized":"0.3.0.0","source":{"url":"https://github.com/reactphp/cache.git","type":"git","reference":"3169cdf994acfe6eecf3633126798df37eb94185"},"dist":{"url":"https://api.github.com/repos/reactphp/cache/zipball/3169cdf994acfe6eecf3633126798df37eb94185","type":"zip","shasum":"","reference":"3169cdf994acfe6eecf3633126798df37eb94185"},"support":{"source":"https://github.com/reactphp/cache/tree/master"},"time":"2013-01-20T19:13:14+00:00"},{"version":"v0.2.6","version_normalized":"0.2.6.0","source":{"url":"https://github.com/reactphp/cache.git","type":"git","reference":"b9c1379ee3fa17d9a6c7360ca8200ce70b425478"},"dist":{"url":"https://api.github.com/repos/reactphp/cache/zipball/b9c1379ee3fa17d9a6c7360ca8200ce70b425478","type":"zip","shasum":"","reference":"b9c1379ee3fa17d9a6c7360ca8200ce70b425478"},"support":{"source":"https://github.com/reactphp/cache/tree/v0.2.6"},"time":"2012-12-24T22:58:30+00:00","extra":{"branch-alias":{"dev-master":"0.2-dev"}},"require":{"php":">=5.3.2","react/promise":"1.0.*"}}]},"security-advisories":[],"last-modified":"Sat, 13 Apr 2024 16:12:36 GMT"}