{"minified":"composer/2.0","packages":{"evenement/evenement":[{"name":"evenement/evenement","description":"Événement is a very simple event dispatching library for PHP","keywords":["event-dispatcher","event-emitter"],"homepage":"","version":"v3.0.2","version_normalized":"3.0.2.0","license":["MIT"],"authors":[{"name":"Igor Wiedler","email":"igor@wiedler.ch"}],"source":{"url":"https://github.com/igorw/evenement.git","type":"git","reference":"0a16b0d71ab13284339abb99d9d2bd813640efbc"},"dist":{"url":"https://api.github.com/repos/igorw/evenement/zipball/0a16b0d71ab13284339abb99d9d2bd813640efbc","type":"zip","shasum":"","reference":"0a16b0d71ab13284339abb99d9d2bd813640efbc"},"type":"library","support":{"issues":"https://github.com/igorw/evenement/issues","source":"https://github.com/igorw/evenement/tree/v3.0.2"},"funding":[],"time":"2023-08-08T05:53:35+00:00","autoload":{"psr-4":{"Evenement\\":"src/"}},"require":{"php":">=7.0"},"require-dev":{"phpunit/phpunit":"^9 || ^6"}},{"version":"v3.0.1","version_normalized":"3.0.1.0","source":{"url":"https://github.com/igorw/evenement.git","type":"git","reference":"531bfb9d15f8aa57454f5f0285b18bec903b8fb7"},"dist":{"url":"https://api.github.com/repos/igorw/evenement/zipball/531bfb9d15f8aa57454f5f0285b18bec903b8fb7","type":"zip","shasum":"","reference":"531bfb9d15f8aa57454f5f0285b18bec903b8fb7"},"support":{"issues":"https://github.com/igorw/evenement/issues","source":"https://github.com/igorw/evenement/tree/master"},"time":"2017-07-23T21:35:13+00:00","autoload":{"psr-0":{"Evenement":"src"}},"require-dev":{"phpunit/phpunit":"^6.0"},"funding":"__unset"},{"version":"3.0.0","version_normalized":"3.0.0.0","source":{"url":"https://github.com/igorw/evenement.git","type":"git","reference":"a07c927e0faa7c42176216679daad8403b5d5fe2"},"dist":{"url":"https://api.github.com/repos/igorw/evenement/zipball/a07c927e0faa7c42176216679daad8403b5d5fe2","type":"zip","shasum":"","reference":"a07c927e0faa7c42176216679daad8403b5d5fe2"},"time":"2017-07-23T20:23:05+00:00","extra":{"branch-alias":{"dev-master":"2.0-dev"}}},{"version":"v2.1.0","version_normalized":"2.1.0.0","source":{"url":"https://github.com/igorw/evenement.git","type":"git","reference":"6ba9a777870ab49f417e703229d53931ed40fd7a"},"dist":{"url":"https://api.github.com/repos/igorw/evenement/zipball/6ba9a777870ab49f417e703229d53931ed40fd7a","type":"zip","shasum":"","reference":"6ba9a777870ab49f417e703229d53931ed40fd7a"},"time":"2017-07-17T17:39:19+00:00","require":{"php":">=5.4.0"},"require-dev":{"phpunit/phpunit":"^6.0||^5.7||^4.8.35"}},{"version":"v2.0.0","version_normalized":"2.0.0.0","authors":[{"name":"Igor Wiedler","email":"igor@wiedler.ch","homepage":"http://wiedler.ch/igor/"}],"source":{"url":"https://github.com/igorw/evenement.git","type":"git","reference":"f6e843799fd4f4184d54d8fc7b5b3551c9fa803e"},"dist":{"url":"https://api.github.com/repos/igorw/evenement/zipball/f6e843799fd4f4184d54d8fc7b5b3551c9fa803e","type":"zip","shasum":"","reference":"f6e843799fd4f4184d54d8fc7b5b3551c9fa803e"},"support":{"issues":"https://github.com/igorw/evenement/issues","source":"https://github.com/igorw/evenement/tree/v2.0.0"},"time":"2012-11-02T14:49:47+00:00","require-dev":"__unset"},{"description":"Événement is a very simple event dispatching library for PHP 5.3","keywords":["event-dispatcher"],"version":"v1.1.0","version_normalized":"1.1.0.0","authors":[{"name":"Igor Wiedler","email":"igor@wiedler.ch"}],"source":{"url":"https://github.com/igorw/evenement.git","type":"git","reference":"e24176d20f6dab44dd4768b32c897f63b6f2b7c3"},"dist":{"url":"https://api.github.com/repos/igorw/evenement/zipball/e24176d20f6dab44dd4768b32c897f63b6f2b7c3","type":"zip","shasum":"","reference":"e24176d20f6dab44dd4768b32c897f63b6f2b7c3"},"support":{"issues":"https://github.com/igorw/evenement/issues","source":"https://github.com/igorw/evenement/tree/1.0"},"time":"2017-07-17T17:04:59+00:00","require":{"php":">=5.3.0"}},{"version":"v1.0.0","version_normalized":"1.0.0.0","authors":[{"name":"Igor Wiedler","email":"igor@wiedler.ch","homepage":"http://wiedler.ch/igor/"}],"source":{"url":"https://github.com/igorw/evenement.git","type":"git","reference":"fa966683e7df3e5dd5929d984a44abfbd6bafe8d"},"dist":{"url":"https://api.github.com/repos/igorw/evenement/zipball/fa966683e7df3e5dd5929d984a44abfbd6bafe8d","type":"zip","shasum":"","reference":"fa966683e7df3e5dd5929d984a44abfbd6bafe8d"},"support":{"issues":"https://github.com/igorw/evenement/issues","source":"https://github.com/igorw/evenement/tree/v1.0.0"},"time":"2012-05-30T15:01:08+00:00","extra":"__unset"},{"homepage":"https://github.com/igorw/evenement","version":"0.1.3","version_normalized":"0.1.3.0","source":{"url":"https://github.com/igorw/evenement.git","type":"git","reference":"74fcc17dcf0da95adea1fd028858a4c8b348e8a3"},"dist":{"url":"https://api.github.com/repos/igorw/evenement/zipball/74fcc17dcf0da95adea1fd028858a4c8b348e8a3","type":"zip","shasum":"","reference":"74fcc17dcf0da95adea1fd028858a4c8b348e8a3"},"support":{"issues":"https://github.com/igorw/evenement/issues","source":"https://github.com/igorw/evenement/tree/v0.1.3"},"time":"2011-10-30T21:15:42+00:00"},{"homepage":"https://github.com/igorw/Evenement","version":"0.1.0","version_normalized":"0.1.0.0","source":{"url":"https://github.com/igorw/evenement.git","type":"git","reference":"9ba73cfd3ecf7a5c97415bc83bd8d641ef068e24"},"dist":{"url":"https://api.github.com/repos/igorw/evenement/zipball/9ba73cfd3ecf7a5c97415bc83bd8d641ef068e24","type":"zip","shasum":"","reference":"9ba73cfd3ecf7a5c97415bc83bd8d641ef068e24"},"support":{"issues":"https://github.com/igorw/evenement/issues","source":"https://github.com/igorw/evenement/tree/v0.1.0"},"time":"2011-09-21T22:48:31+00:00","autoload":"__unset"}]},"security-advisories":[],"last-modified":"Tue, 02 Apr 2024 11:28:45 GMT"}