{"minified":"composer/2.0","packages":{"react/promise":[{"name":"react/promise","description":"A lightweight implementation of CommonJS Promises/A for PHP","keywords":["promises","promise"],"homepage":"","version":"v3.2.0","version_normalized":"3.2.0.0","license":["MIT"],"authors":[{"name":"Jan Sorgalla","email":"jsorgalla@gmail.com","homepage":"https://sorgalla.com/"},{"name":"Christian Lück","email":"christian@clue.engineering","homepage":"https://clue.engineering/"},{"name":"Cees-Jan Kiewiet","email":"reactphp@ceesjankiewiet.nl","homepage":"https://wyrihaximus.net/"},{"name":"Chris Boden","email":"cboden@gmail.com","homepage":"https://cboden.dev/"}],"source":{"url":"https://github.com/reactphp/promise.git","type":"git","reference":"8a164643313c71354582dc850b42b33fa12a4b63"},"dist":{"url":"https://api.github.com/repos/reactphp/promise/zipball/8a164643313c71354582dc850b42b33fa12a4b63","type":"zip","shasum":"","reference":"8a164643313c71354582dc850b42b33fa12a4b63"},"type":"library","support":{"issues":"https://github.com/reactphp/promise/issues","source":"https://github.com/reactphp/promise/tree/v3.2.0"},"funding":[{"url":"https://opencollective.com/reactphp","type":"open_collective"}],"time":"2024-05-24T10:39:05+00:00","autoload":{"files":["src/functions_include.php"],"psr-4":{"React\\Promise\\":"src/"}},"require":{"php":">=7.1.0"},"require-dev":{"phpstan/phpstan":"1.10.39 || 1.4.10","phpunit/phpunit":"^9.6 || ^7.5"}},{"version":"v3.1.0","version_normalized":"3.1.0.0","source":{"url":"https://github.com/reactphp/promise.git","type":"git","reference":"e563d55d1641de1dea9f5e84f3cccc66d2bfe02c"},"dist":{"url":"https://api.github.com/repos/reactphp/promise/zipball/e563d55d1641de1dea9f5e84f3cccc66d2bfe02c","type":"zip","shasum":"","reference":"e563d55d1641de1dea9f5e84f3cccc66d2bfe02c"},"support":{"issues":"https://github.com/reactphp/promise/issues","source":"https://github.com/reactphp/promise/tree/v3.1.0"},"time":"2023-11-16T16:21:57+00:00"},{"version":"v3.0.0","version_normalized":"3.0.0.0","source":{"url":"https://github.com/reactphp/promise.git","type":"git","reference":"c86753c76fd3be465d93b308f18d189f01a22be4"},"dist":{"url":"https://api.github.com/repos/reactphp/promise/zipball/c86753c76fd3be465d93b308f18d189f01a22be4","type":"zip","shasum":"","reference":"c86753c76fd3be465d93b308f18d189f01a22be4"},"support":{"issues":"https://github.com/reactphp/promise/issues","source":"https://github.com/reactphp/promise/tree/v3.0.0"},"time":"2023-07-11T16:12:49+00:00","require-dev":{"phpstan/phpstan":"1.10.20 || 1.4.10","phpunit/phpunit":"^9.5 || ^7.5"}},{"version":"v2.11.0","version_normalized":"2.11.0.0","source":{"url":"https://github.com/reactphp/promise.git","type":"git","reference":"1a8460931ea36dc5c76838fec5734d55c88c6831"},"dist":{"url":"https://api.github.com/repos/reactphp/promise/zipball/1a8460931ea36dc5c76838fec5734d55c88c6831","type":"zip","shasum":"","reference":"1a8460931ea36dc5c76838fec5734d55c88c6831"},"support":{"issues":"https://github.com/reactphp/promise/issues","source":"https://github.com/reactphp/promise/tree/v2.11.0"},"time":"2023-11-16T16:16:50+00:00","require":{"php":">=5.4.0"},"require-dev":{"phpunit/phpunit":"^9.6 || ^5.7 || ^4.8.36"}},{"version":"v2.10.0","version_normalized":"2.10.0.0","source":{"url":"https://github.com/reactphp/promise.git","type":"git","reference":"f913fb8cceba1e6644b7b90c4bfb678ed8a3ef38"},"dist":{"url":"https://api.github.com/repos/reactphp/promise/zipball/f913fb8cceba1e6644b7b90c4bfb678ed8a3ef38","type":"zip","shasum":"","reference":"f913fb8cceba1e6644b7b90c4bfb678ed8a3ef38"},"support":{"issues":"https://github.com/reactphp/promise/issues","source":"https://github.com/reactphp/promise/tree/v2.10.0"},"time":"2023-05-02T15:15:43+00:00","require-dev":{"phpunit/phpunit":"^9.5 || ^5.7 || ^4.8.36"}},{"version":"v2.9.0","version_normalized":"2.9.0.0","source":{"url":"https://github.com/reactphp/promise.git","type":"git","reference":"234f8fd1023c9158e2314fa9d7d0e6a83db42910"},"dist":{"url":"https://api.github.com/repos/reactphp/promise/zipball/234f8fd1023c9158e2314fa9d7d0e6a83db42910","type":"zip","shasum":"","reference":"234f8fd1023c9158e2314fa9d7d0e6a83db42910"},"support":{"issues":"https://github.com/reactphp/promise/issues","source":"https://github.com/reactphp/promise/tree/v2.9.0"},"funding":[{"url":"https://github.com/WyriHaximus","type":"github"},{"url":"https://github.com/clue","type":"github"}],"time":"2022-02-11T10:27:51+00:00","require-dev":{"phpunit/phpunit":"^9.3 || ^5.7 || ^4.8.36"}},{"version":"v2.8.0","version_normalized":"2.8.0.0","authors":[{"name":"Jan Sorgalla","email":"jsorgalla@gmail.com"}],"source":{"url":"https://github.com/reactphp/promise.git","type":"git","reference":"f3cff96a19736714524ca0dd1d4130de73dbbbc4"},"dist":{"url":"https://api.github.com/repos/reactphp/promise/zipball/f3cff96a19736714524ca0dd1d4130de73dbbbc4","type":"zip","shasum":"","reference":"f3cff96a19736714524ca0dd1d4130de73dbbbc4"},"support":{"issues":"https://github.com/reactphp/promise/issues","source":"https://github.com/reactphp/promise/tree/v2.8.0"},"funding":[],"time":"2020-05-12T15:16:56+00:00","require-dev":{"phpunit/phpunit":"^7.0 || ^6.5 || ^5.7 || ^4.8.36"}},{"version":"v2.7.1","version_normalized":"2.7.1.0","source":{"url":"https://github.com/reactphp/promise.git","type":"git","reference":"31ffa96f8d2ed0341a57848cbb84d88b89dd664d"},"dist":{"url":"https://api.github.com/repos/reactphp/promise/zipball/31ffa96f8d2ed0341a57848cbb84d88b89dd664d","type":"zip","shasum":"","reference":"31ffa96f8d2ed0341a57848cbb84d88b89dd664d"},"support":{"issues":"https://github.com/reactphp/promise/issues","source":"https://github.com/reactphp/promise/tree/2.x"},"time":"2019-01-07T21:25:54+00:00","require-dev":{"phpunit/phpunit":"~4.8"},"funding":"__unset"},{"version":"v2.7.0","version_normalized":"2.7.0.0","source":{"url":"https://github.com/reactphp/promise.git","type":"git","reference":"f4edc2581617431aea50430749db55cc3fc031b3"},"dist":{"url":"https://api.github.com/repos/reactphp/promise/zipball/f4edc2581617431aea50430749db55cc3fc031b3","type":"zip","shasum":"","reference":"f4edc2581617431aea50430749db55cc3fc031b3"},"support":{"issues":"https://github.com/reactphp/promise/issues","source":"https://github.com/reactphp/promise/tree/v2.7.0"},"time":"2018-06-13T15:59:06+00:00"},{"version":"v2.6.0","version_normalized":"2.6.0.0","source":{"url":"https://github.com/reactphp/promise.git","type":"git","reference":"5e60e5596a5422287f9d2205f405bef2ae0cef4b"},"dist":{"url":"https://api.github.com/repos/reactphp/promise/zipball/5e60e5596a5422287f9d2205f405bef2ae0cef4b","type":"zip","shasum":"","reference":"5e60e5596a5422287f9d2205f405bef2ae0cef4b"},"support":{"issues":"https://github.com/reactphp/promise/issues","source":"https://github.com/reactphp/promise/tree/v2.6.0"},"time":"2018-06-11T11:05:43+00:00"},{"version":"v2.5.1","version_normalized":"2.5.1.0","source":{"url":"https://github.com/reactphp/promise.git","type":"git","reference":"62785ae604c8d69725d693eb370e1d67e94c4053"},"dist":{"url":"https://api.github.com/repos/reactphp/promise/zipball/62785ae604c8d69725d693eb370e1d67e94c4053","type":"zip","shasum":"","reference":"62785ae604c8d69725d693eb370e1d67e94c4053"},"support":{"issues":"https://github.com/reactphp/promise/issues","source":"https://github.com/reactphp/promise/tree/v2.5.1"},"time":"2017-03-25T12:08:31+00:00"},{"version":"v2.5.0","version_normalized":"2.5.0.0","source":{"url":"https://github.com/reactphp/promise.git","type":"git","reference":"2760f3898b7e931aa71153852dcd48a75c9b95db"},"dist":{"url":"https://api.github.com/repos/reactphp/promise/zipball/2760f3898b7e931aa71153852dcd48a75c9b95db","type":"zip","shasum":"","reference":"2760f3898b7e931aa71153852dcd48a75c9b95db"},"support":{"issues":"https://github.com/reactphp/promise/issues","source":"https://github.com/reactphp/promise/tree/2.x"},"time":"2016-12-22T14:09:01+00:00","require-dev":"__unset"},{"keywords":[],"version":"v2.4.1","version_normalized":"2.4.1.0","source":{"url":"https://github.com/reactphp/promise.git","type":"git","reference":"8025426794f1944de806618671d4fa476dc7626f"},"dist":{"url":"https://api.github.com/repos/reactphp/promise/zipball/8025426794f1944de806618671d4fa476dc7626f","type":"zip","shasum":"","reference":"8025426794f1944de806618671d4fa476dc7626f"},"support":{"issues":"https://github.com/reactphp/promise/issues","source":"https://github.com/reactphp/promise/tree/master"},"time":"2016-05-03T17:50:52+00:00","extra":{"branch-alias":{"dev-master":"2.0-dev"}}},{"version":"v2.4.0","version_normalized":"2.4.0.0","source":{"url":"https://github.com/reactphp/promise.git","type":"git","reference":"f942da7b505d1a294284ab343d05df42d02ad6d9"},"dist":{"url":"https://api.github.com/repos/reactphp/promise/zipball/f942da7b505d1a294284ab343d05df42d02ad6d9","type":"zip","shasum":"","reference":"f942da7b505d1a294284ab343d05df42d02ad6d9"},"time":"2016-03-31T13:10:33+00:00"},{"version":"v2.3.0","version_normalized":"2.3.0.0","source":{"url":"https://github.com/reactphp/promise.git","type":"git","reference":"8ffacee1171e33a1c129f424bf1ec36e062eba82"},"dist":{"url":"https://api.github.com/repos/reactphp/promise/zipball/8ffacee1171e33a1c129f424bf1ec36e062eba82","type":"zip","shasum":"","reference":"8ffacee1171e33a1c129f424bf1ec36e062eba82"},"time":"2016-03-24T21:20:22+00:00"},{"version":"v2.2.2","version_normalized":"2.2.2.0","source":{"url":"https://github.com/reactphp/promise.git","type":"git","reference":"3aacad8bf10c7d83e6fa2089d413529888c2bedf"},"dist":{"url":"https://api.github.com/repos/reactphp/promise/zipball/3aacad8bf10c7d83e6fa2089d413529888c2bedf","type":"zip","shasum":"","reference":"3aacad8bf10c7d83e6fa2089d413529888c2bedf"},"time":"2016-02-26T19:09:02+00:00"},{"version":"v2.2.1","version_normalized":"2.2.1.0","source":{"url":"https://github.com/reactphp/promise.git","type":"git","reference":"3b6fca09c7d56321057fa8867c8dbe1abf648627"},"dist":{"url":"https://api.github.com/repos/reactphp/promise/zipball/3b6fca09c7d56321057fa8867c8dbe1abf648627","type":"zip","shasum":"","reference":"3b6fca09c7d56321057fa8867c8dbe1abf648627"},"time":"2015-07-03T13:48:55+00:00"},{"version":"v2.2.0","version_normalized":"2.2.0.0","authors":[{"name":"Jan Sorgalla","email":"jsorgalla@googlemail.com"}],"source":{"url":"https://github.com/reactphp/promise.git","type":"git","reference":"365fcee430dfa4ace1fbc75737ca60ceea7eeeef"},"dist":{"url":"https://api.github.com/repos/reactphp/promise/zipball/365fcee430dfa4ace1fbc75737ca60ceea7eeeef","type":"zip","shasum":"","reference":"365fcee430dfa4ace1fbc75737ca60ceea7eeeef"},"support":{"issues":"https://github.com/reactphp/promise/issues","source":"https://github.com/reactphp/promise/tree/v2.2.0"},"time":"2014-12-30T13:32:42+00:00"},{"version":"v2.1.0","version_normalized":"2.1.0.0","source":{"url":"https://github.com/reactphp/promise.git","type":"git","reference":"937b04f1b0ee8f6d180e75a0830aac778ca4bcd6"},"dist":{"url":"https://api.github.com/repos/reactphp/promise/zipball/937b04f1b0ee8f6d180e75a0830aac778ca4bcd6","type":"zip","shasum":"","reference":"937b04f1b0ee8f6d180e75a0830aac778ca4bcd6"},"support":{"issues":"https://github.com/reactphp/promise/issues","source":"https://github.com/reactphp/promise/tree/v2.1.0"},"time":"2014-10-15T20:05:57+00:00","autoload":{"files":["src/functions.php"],"psr-4":{"React\\Promise\\":"src/"}}},{"version":"v2.0.0","version_normalized":"2.0.0.0","source":{"url":"https://github.com/reactphp/promise.git","type":"git","reference":"58129a9cb9da88f2055309a805e2696b06928bb0"},"dist":{"url":"https://api.github.com/repos/reactphp/promise/zipball/58129a9cb9da88f2055309a805e2696b06928bb0","type":"zip","shasum":"","reference":"58129a9cb9da88f2055309a805e2696b06928bb0"},"support":{"issues":"https://github.com/reactphp/promise/issues","source":"https://github.com/reactphp/promise/tree/v2.0.0"},"time":"2013-12-10T15:40:36+00:00","autoload":{"files":["src/React/Promise/functions.php"],"psr-0":{"React\\Promise":"src/"}}},{"version":"v1.3.0","version_normalized":"1.3.0.0","authors":[{"name":"Jan Sorgalla","email":"jsorgalla@gmail.com"}],"source":{"url":"https://github.com/reactphp/promise.git","type":"git","reference":"0e50194b8702a38b89013e451b59ad06db547721"},"dist":{"url":"https://api.github.com/repos/reactphp/promise/zipball/0e50194b8702a38b89013e451b59ad06db547721","type":"zip","shasum":"","reference":"0e50194b8702a38b89013e451b59ad06db547721"},"support":{"issues":"https://github.com/reactphp/promise/issues","source":"https://github.com/reactphp/promise/tree/v1.3.0"},"funding":[{"url":"https://opencollective.com/reactphp","type":"open_collective"}],"time":"2023-11-16T16:05:59+00:00","autoload":{"files":["src/React/Promise/functions_include.php"],"psr-4":{"React\\Promise\\":"src/React/Promise/"}},"extra":{"branch-alias":{"dev-master":"1.1-dev"}},"require":{"php":">=5.3.3"},"require-dev":{"phpunit/phpunit":"^9.6 || ^5.7 || ^4.8.36"}},{"version":"v1.2.1","version_normalized":"1.2.1.0","source":{"url":"https://github.com/reactphp/promise.git","type":"git","reference":"eefff597e67ff66b719f8171480add3c91474a1e"},"dist":{"url":"https://api.github.com/repos/reactphp/promise/zipball/eefff597e67ff66b719f8171480add3c91474a1e","type":"zip","shasum":"","reference":"eefff597e67ff66b719f8171480add3c91474a1e"},"support":{"issues":"https://github.com/reactphp/promise/issues","source":"https://github.com/reactphp/promise/tree/1.0"},"time":"2016-03-07T13:46:50+00:00","autoload":{"files":["src/React/Promise/functions_include.php"],"psr-0":{"React\\Promise":"src/"}},"funding":"__unset","require-dev":"__unset"},{"version":"v1.2.0","version_normalized":"1.2.0.0","source":{"url":"https://github.com/reactphp/promise.git","type":"git","reference":"b0fdeb439a170d9c7803399ce763c5015bdf0aab"},"dist":{"url":"https://api.github.com/repos/reactphp/promise/zipball/b0fdeb439a170d9c7803399ce763c5015bdf0aab","type":"zip","shasum":"","reference":"b0fdeb439a170d9c7803399ce763c5015bdf0aab"},"time":"2016-02-27T19:21:49+00:00"},{"version":"v1.1.0","version_normalized":"1.1.0.0","source":{"url":"https://github.com/reactphp/promise.git","type":"git","reference":"d76a033b5f4441bfd414a8c4421ccabfa756e110"},"dist":{"url":"https://api.github.com/repos/reactphp/promise/zipball/d76a033b5f4441bfd414a8c4421ccabfa756e110","type":"zip","shasum":"","reference":"d76a033b5f4441bfd414a8c4421ccabfa756e110"},"time":"2015-07-01T14:42:26+00:00"},{"version":"v1.0.4","version_normalized":"1.0.4.0","authors":[{"name":"Jan Sorgalla","email":"jsorgalla@googlemail.com"}],"source":{"url":"https://github.com/reactphp/promise.git","type":"git","reference":"d6de8cae1dbb4878d909c41cb89aff764504472c"},"dist":{"url":"https://api.github.com/repos/reactphp/promise/zipball/d6de8cae1dbb4878d909c41cb89aff764504472c","type":"zip","shasum":"","reference":"d6de8cae1dbb4878d909c41cb89aff764504472c"},"support":{"issues":"https://github.com/reactphp/promise/issues","source":"https://github.com/reactphp/promise/tree/v1.0.4"},"time":"2013-04-03T14:05:55+00:00","autoload":{"psr-0":{"React\\Promise":"src/"}},"extra":{"branch-alias":{"dev-master":"1.0-dev"}}},{"version":"v1.0.3","version_normalized":"1.0.3.0","source":{"url":"https://github.com/reactphp/promise.git","type":"git","reference":"ed039553e08fa70535811fd4e07dad9e2ffeeda2"},"dist":{"url":"https://api.github.com/repos/reactphp/promise/zipball/ed039553e08fa70535811fd4e07dad9e2ffeeda2","type":"zip","shasum":"","reference":"ed039553e08fa70535811fd4e07dad9e2ffeeda2"},"support":{"issues":"https://github.com/reactphp/promise/issues","source":"https://github.com/reactphp/promise/tree/v1.0.3"},"time":"2012-11-17T21:29:48+00:00"},{"version":"v1.0.2","version_normalized":"1.0.2.0","source":{"url":"https://github.com/reactphp/promise.git","type":"git","reference":"e4e0e9f528d9ed0b14b162075fce1674287465f6"},"dist":{"url":"https://api.github.com/repos/reactphp/promise/zipball/e4e0e9f528d9ed0b14b162075fce1674287465f6","type":"zip","shasum":"","reference":"e4e0e9f528d9ed0b14b162075fce1674287465f6"},"support":{"issues":"https://github.com/reactphp/promise/issues","source":"https://github.com/reactphp/promise/tree/v1.0.2"},"time":"2012-11-14T20:01:47+00:00"},{"version":"v1.0.1","version_normalized":"1.0.1.0","source":{"url":"https://github.com/reactphp/promise.git","type":"git","reference":"88437f2020d16b0415b288187495c74560b24897"},"dist":{"url":"https://api.github.com/repos/reactphp/promise/zipball/88437f2020d16b0415b288187495c74560b24897","type":"zip","shasum":"","reference":"88437f2020d16b0415b288187495c74560b24897"},"support":{"issues":"https://github.com/reactphp/promise/issues","source":"https://github.com/reactphp/promise/tree/v1.0.1"},"time":"2012-11-13T14:11:23+00:00"},{"version":"v1.0.0","version_normalized":"1.0.0.0","source":{"url":"https://github.com/reactphp/promise.git","type":"git","reference":"9c25ccb35d1ab70415b8aef3238d8ad645b212d0"},"dist":{"url":"https://api.github.com/repos/reactphp/promise/zipball/9c25ccb35d1ab70415b8aef3238d8ad645b212d0","type":"zip","shasum":"","reference":"9c25ccb35d1ab70415b8aef3238d8ad645b212d0"},"support":{"issues":"https://github.com/reactphp/promise/issues","source":"https://github.com/reactphp/promise/tree/v1.0.0"},"time":"2012-11-07T21:24:54+00:00"}]},"security-advisories":[],"last-modified":"Fri, 24 May 2024 10:40:43 GMT"}