{"minified":"composer/2.0","packages":{"pestphp/pest-plugin-init":[{"name":"pestphp/pest-plugin-init","description":"The Pest Init plugin","keywords":["framework","php","testing","plugin","test","unit","init","pest"],"homepage":"","version":"v1.1.0","version_normalized":"1.1.0.0","license":["MIT"],"authors":[],"source":{"url":"https://github.com/pestphp/pest-plugin-init.git","type":"git","reference":"cb3dfa1a9887aafb3d0b4db0fb8f6171ce69b49e"},"dist":{"url":"https://api.github.com/repos/pestphp/pest-plugin-init/zipball/cb3dfa1a9887aafb3d0b4db0fb8f6171ce69b49e","type":"zip","shasum":"","reference":"cb3dfa1a9887aafb3d0b4db0fb8f6171ce69b49e"},"type":"library","funding":[{"url":"https://www.paypal.com/cgi-bin/webscr?cmd=_s-xclick&hosted_button_id=66BYDWAT92N6L","type":"custom"},{"url":"https://github.com/nunomaduro","type":"github"},{"url":"https://www.patreon.com/nunomaduro","type":"patreon"}],"time":"2021-05-10T16:31:00+00:00","autoload":{"psr-4":{"Pest\\Init\\":"src/"}},"extra":{"branch-alias":{"dev-master":"1.x-dev"},"pest":{"plugins":["Pest\\Init\\Plugin"]}},"require":{"php":"^7.3 || ^8.0","pestphp/pest-plugin":"^1.0"},"require-dev":{"pestphp/pest":"^1.0","pestphp/pest-dev-tools":"dev-master"},"conflict":{"pestphp/pest":"<1.0"},"abandoned":"pestphp/pest","support":{"source":"https://github.com/pestphp/pest-plugin-init/tree/v1.1.0"}},{"version":"v1.0.0","version_normalized":"1.0.0.0","source":{"url":"https://github.com/pestphp/pest-plugin-init.git","type":"git","reference":"bd6fdb058ba5dc7a9f7f3645ad4e0bdc34cf0026"},"dist":{"url":"https://api.github.com/repos/pestphp/pest-plugin-init/zipball/bd6fdb058ba5dc7a9f7f3645ad4e0bdc34cf0026","type":"zip","shasum":"","reference":"bd6fdb058ba5dc7a9f7f3645ad4e0bdc34cf0026"},"time":"2021-01-03T15:47:48+00:00","support":{"source":"https://github.com/pestphp/pest-plugin-init/tree/v1.0.0"}},{"version":"v0.3.1","version_normalized":"0.3.1.0","source":{"url":"https://github.com/pestphp/pest-plugin-init.git","type":"git","reference":"7406643b47835b6c6da709b11da89b0844b8d163"},"dist":{"url":"https://api.github.com/repos/pestphp/pest-plugin-init/zipball/7406643b47835b6c6da709b11da89b0844b8d163","type":"zip","shasum":"","reference":"7406643b47835b6c6da709b11da89b0844b8d163"},"time":"2020-09-27T12:48:43+00:00","extra":{"branch-alias":{"dev-master":"0.4.x-dev"},"pest":{"plugins":["Pest\\Init\\Plugin"]}},"require":{"php":"^7.3 || ^8.0","pestphp/pest-plugin":"^0.3"},"require-dev":{"pestphp/pest":"^0.3","pestphp/pest-dev-tools":"dev-master"},"conflict":{"pestphp/pest":"<0.3"},"support":{"source":"https://github.com/pestphp/pest-plugin-init/tree/v0.3.1"}},{"version":"v0.3.0","version_normalized":"0.3.0.0","source":{"url":"https://github.com/pestphp/pest-plugin-init.git","type":"git","reference":"06482f1c7ccf92c9ed855efcb7e594399628710a"},"dist":{"url":"https://api.github.com/repos/pestphp/pest-plugin-init/zipball/06482f1c7ccf92c9ed855efcb7e594399628710a","type":"zip","shasum":"","reference":"06482f1c7ccf92c9ed855efcb7e594399628710a"},"time":"2020-08-27T20:08:38+00:00","support":{"source":"https://github.com/pestphp/pest-plugin-init/tree/v0.3.0"}},{"version":"v0.2.3","version_normalized":"0.2.3.0","source":{"url":"https://github.com/pestphp/pest-plugin-init.git","type":"git","reference":"718771dbfcc5bb8ceca238c4754dbc7bfdcb1b09"},"dist":{"url":"https://api.github.com/repos/pestphp/pest-plugin-init/zipball/718771dbfcc5bb8ceca238c4754dbc7bfdcb1b09","type":"zip","shasum":"","reference":"718771dbfcc5bb8ceca238c4754dbc7bfdcb1b09"},"time":"2020-07-01T18:35:16+00:00","extra":{"branch-alias":{"dev-master":"0.2.x-dev"},"pest":{"plugins":["Pest\\Init\\Plugin"]}},"require":{"php":"^7.3","pestphp/pest-plugin":"^0.2"},"require-dev":{"pestphp/pest":"^0.2","pestphp/pest-dev-tools":"dev-master"},"conflict":{"pestphp/pest":"<0.2.3"},"support":{"source":"https://github.com/pestphp/pest-plugin-init/tree/v0.2.3"}},{"version":"v0.2.2","version_normalized":"0.2.2.0","source":{"url":"https://github.com/pestphp/pest-plugin-init.git","type":"git","reference":"eeb36072340e9167560d2ed913e75b902b66130f"},"dist":{"url":"https://api.github.com/repos/pestphp/pest-plugin-init/zipball/eeb36072340e9167560d2ed913e75b902b66130f","type":"zip","shasum":"","reference":"eeb36072340e9167560d2ed913e75b902b66130f"},"time":"2020-06-29T11:51:45+00:00","conflict":{"pestphp/pest":"<0.2"},"support":{"source":"https://github.com/pestphp/pest-plugin-init/tree/master"}},{"version":"v0.2.1","version_normalized":"0.2.1.0","source":{"url":"https://github.com/pestphp/pest-plugin-init.git","type":"git","reference":"bf02ca59fb7857e760a8dffa3847f564b5b276fb"},"dist":{"url":"https://api.github.com/repos/pestphp/pest-plugin-init/zipball/bf02ca59fb7857e760a8dffa3847f564b5b276fb","type":"zip","shasum":"","reference":"bf02ca59fb7857e760a8dffa3847f564b5b276fb"},"time":"2020-06-12T00:15:21+00:00"},{"version":"v0.2.0","version_normalized":"0.2.0.0","source":{"url":"https://github.com/pestphp/pest-plugin-init.git","type":"git","reference":"e70c84c7a199a21b819b01044d103de27a10a906"},"dist":{"url":"https://api.github.com/repos/pestphp/pest-plugin-init/zipball/e70c84c7a199a21b819b01044d103de27a10a906","type":"zip","shasum":"","reference":"e70c84c7a199a21b819b01044d103de27a10a906"},"time":"2020-06-11T20:13:16+00:00","extra":{"pest":{"plugins":["Pest\\Init\\Plugin"]}},"require-dev":{"pestphp/pest-dev-tools":"dev-master"}}]},"security-advisories":[],"last-modified":"Wed, 06 Sep 2023 13:03:10 GMT"}