{"minified":"composer/2.0","packages":{"pestphp/pest-plugin-arch":[{"name":"pestphp/pest-plugin-arch","description":"The Arch plugin for Pest PHP.","keywords":["framework","php","testing","plugin","test","unit","architecture","pest","arch"],"homepage":"","version":"v3.0.0","version_normalized":"3.0.0.0","license":["MIT"],"authors":[],"source":{"url":"https://github.com/pestphp/pest-plugin-arch.git","type":"git","reference":"0a27e55a270cfe73d8cb70551b91002ee2cb64b0"},"dist":{"url":"https://api.github.com/repos/pestphp/pest-plugin-arch/zipball/0a27e55a270cfe73d8cb70551b91002ee2cb64b0","type":"zip","shasum":"","reference":"0a27e55a270cfe73d8cb70551b91002ee2cb64b0"},"type":"library","support":{"source":"https://github.com/pestphp/pest-plugin-arch/tree/v3.0.0"},"funding":[{"url":"https://www.paypal.com/paypalme/enunomaduro","type":"custom"},{"url":"https://github.com/nunomaduro","type":"github"}],"time":"2024-09-08T23:23:55+00:00","autoload":{"files":["src/Autoload.php"],"psr-4":{"Pest\\Arch\\":"src/"}},"extra":{"pest":{"plugins":["Pest\\Arch\\Plugin"]}},"require":{"php":"^8.2","pestphp/pest-plugin":"^3.0.0","ta-tikoma/phpunit-architecture-test":"^0.8.4"},"require-dev":{"pestphp/pest":"^3.0.0","pestphp/pest-dev-tools":"^3.0.0"}},{"version":"v2.7.0","version_normalized":"2.7.0.0","source":{"url":"https://github.com/pestphp/pest-plugin-arch.git","type":"git","reference":"d23b2d7498475354522c3818c42ef355dca3fcda"},"dist":{"url":"https://api.github.com/repos/pestphp/pest-plugin-arch/zipball/d23b2d7498475354522c3818c42ef355dca3fcda","type":"zip","shasum":"","reference":"d23b2d7498475354522c3818c42ef355dca3fcda"},"support":{"source":"https://github.com/pestphp/pest-plugin-arch/tree/v2.7.0"},"time":"2024-01-26T09:46:42+00:00","require":{"php":"^8.1","nunomaduro/collision":"^7.10.0|^8.1.0","pestphp/pest-plugin":"^2.1.1","ta-tikoma/phpunit-architecture-test":"^0.8.4"},"require-dev":{"pestphp/pest":"^2.33.0","pestphp/pest-dev-tools":"^2.16.0"}},{"version":"v2.6.1","version_normalized":"2.6.1.0","source":{"url":"https://github.com/pestphp/pest-plugin-arch.git","type":"git","reference":"99e86316325e55edf66c1f86dd9f990e4e2c2321"},"dist":{"url":"https://api.github.com/repos/pestphp/pest-plugin-arch/zipball/99e86316325e55edf66c1f86dd9f990e4e2c2321","type":"zip","shasum":"","reference":"99e86316325e55edf66c1f86dd9f990e4e2c2321"},"support":{"source":"https://github.com/pestphp/pest-plugin-arch/tree/v2.6.1"},"time":"2024-01-11T11:21:05+00:00","require":{"php":"^8.1","nunomaduro/collision":"^7.10.0|^8.0.1","pestphp/pest-plugin":"^2.1.1","ta-tikoma/phpunit-architecture-test":"^0.8.4"},"require-dev":{"pestphp/pest":"^2.30.0","pestphp/pest-dev-tools":"^2.16.0"}},{"version":"v2.6.0","version_normalized":"2.6.0.0","source":{"url":"https://github.com/pestphp/pest-plugin-arch.git","type":"git","reference":"0741696072b5db5989d63013a7b3e83358f4dfcf"},"dist":{"url":"https://api.github.com/repos/pestphp/pest-plugin-arch/zipball/0741696072b5db5989d63013a7b3e83358f4dfcf","type":"zip","shasum":"","reference":"0741696072b5db5989d63013a7b3e83358f4dfcf"},"support":{"source":"https://github.com/pestphp/pest-plugin-arch/tree/v2.6.0"},"time":"2024-01-05T11:06:22+00:00","require":{"php":"^8.1","nunomaduro/collision":"^7.10.0|^8.0.1","pestphp/pest-plugin":"^2.1.1","ta-tikoma/phpunit-architecture-test":"^0.8.0"}},{"version":"v2.5.0","version_normalized":"2.5.0.0","source":{"url":"https://github.com/pestphp/pest-plugin-arch.git","type":"git","reference":"8d850753f0192c3fa1ed6c6cac6f76b718d131db"},"dist":{"url":"https://api.github.com/repos/pestphp/pest-plugin-arch/zipball/8d850753f0192c3fa1ed6c6cac6f76b718d131db","type":"zip","shasum":"","reference":"8d850753f0192c3fa1ed6c6cac6f76b718d131db"},"support":{"source":"https://github.com/pestphp/pest-plugin-arch/tree/v2.5.0"},"time":"2023-12-05T19:01:10+00:00","require":{"php":"^8.1","nunomaduro/collision":"^7.10.0|^8.0.0","pestphp/pest-plugin":"^2.1.1","ta-tikoma/phpunit-architecture-test":"^0.7.5"},"require-dev":{"pestphp/pest":"^2.27.0","pestphp/pest-dev-tools":"^2.16.0"}},{"version":"v2.4.1","version_normalized":"2.4.1.0","source":{"url":"https://github.com/pestphp/pest-plugin-arch.git","type":"git","reference":"59698f0a381c5bc4fa2cd5b6ed331067c4501fdb"},"dist":{"url":"https://api.github.com/repos/pestphp/pest-plugin-arch/zipball/59698f0a381c5bc4fa2cd5b6ed331067c4501fdb","type":"zip","shasum":"","reference":"59698f0a381c5bc4fa2cd5b6ed331067c4501fdb"},"support":{"source":"https://github.com/pestphp/pest-plugin-arch/tree/v2.4.1"},"time":"2023-10-12T15:35:38+00:00","require-dev":{"pestphp/pest":"^2.23.2","pestphp/pest-dev-tools":"^2.16.0"},"extra":"__unset"},{"version":"v2.4.0","version_normalized":"2.4.0.0","source":{"url":"https://github.com/pestphp/pest-plugin-arch.git","type":"git","reference":"b315c03bbb7e620d7b57a670816e9bf5f3dbc7f7"},"dist":{"url":"https://api.github.com/repos/pestphp/pest-plugin-arch/zipball/b315c03bbb7e620d7b57a670816e9bf5f3dbc7f7","type":"zip","shasum":"","reference":"b315c03bbb7e620d7b57a670816e9bf5f3dbc7f7"},"support":{"source":"https://github.com/pestphp/pest-plugin-arch/tree/v2.4.0"},"time":"2023-10-10T14:44:21+00:00","require":{"php":"^8.1","nunomaduro/collision":"^7.9.0|^8.0.0","pestphp/pest-plugin":"^2.1.1","ta-tikoma/phpunit-architecture-test":"^0.7.4"},"require-dev":{"pestphp/pest":"^2.22.0","pestphp/pest-dev-tools":"^2.16.0"}},{"version":"v2.3.3","version_normalized":"2.3.3.0","source":{"url":"https://github.com/pestphp/pest-plugin-arch.git","type":"git","reference":"b758990e83f89daba3c45672398579cf8692213f"},"dist":{"url":"https://api.github.com/repos/pestphp/pest-plugin-arch/zipball/b758990e83f89daba3c45672398579cf8692213f","type":"zip","shasum":"","reference":"b758990e83f89daba3c45672398579cf8692213f"},"support":{"source":"https://github.com/pestphp/pest-plugin-arch/tree/v2.3.3"},"time":"2023-08-21T16:06:30+00:00","require":{"php":"^8.1","nunomaduro/collision":"^7.8.1","pestphp/pest-plugin":"^2.0.1","ta-tikoma/phpunit-architecture-test":"^0.7.4"},"require-dev":{"pestphp/pest":"^2.16.0","pestphp/pest-dev-tools":"^2.16.0"}},{"version":"v2.3.2","version_normalized":"2.3.2.0","source":{"url":"https://github.com/pestphp/pest-plugin-arch.git","type":"git","reference":"a254ebe1fb231c90e029e8780fa5ea47962f9898"},"dist":{"url":"https://api.github.com/repos/pestphp/pest-plugin-arch/zipball/a254ebe1fb231c90e029e8780fa5ea47962f9898","type":"zip","shasum":"","reference":"a254ebe1fb231c90e029e8780fa5ea47962f9898"},"support":{"source":"https://github.com/pestphp/pest-plugin-arch/tree/v2.3.2"},"time":"2023-08-21T15:15:59+00:00"},{"version":"v2.3.1","version_normalized":"2.3.1.0","source":{"url":"https://github.com/pestphp/pest-plugin-arch.git","type":"git","reference":"527ff8705c1bbbf49e729d4dce9bdb00b07c0424"},"dist":{"url":"https://api.github.com/repos/pestphp/pest-plugin-arch/zipball/527ff8705c1bbbf49e729d4dce9bdb00b07c0424","type":"zip","shasum":"","reference":"527ff8705c1bbbf49e729d4dce9bdb00b07c0424"},"support":{"source":"https://github.com/pestphp/pest-plugin-arch/tree/v2.3.1"},"time":"2023-08-21T08:38:17+00:00","require-dev":{"pestphp/pest":"^2.15.0","pestphp/pest-dev-tools":"^2.16.0"}},{"version":"v2.3.0","version_normalized":"2.3.0.0","source":{"url":"https://github.com/pestphp/pest-plugin-arch.git","type":"git","reference":"90b971511fe04e597466fcb28a72261927b9fbc9"},"dist":{"url":"https://api.github.com/repos/pestphp/pest-plugin-arch/zipball/90b971511fe04e597466fcb28a72261927b9fbc9","type":"zip","shasum":"","reference":"90b971511fe04e597466fcb28a72261927b9fbc9"},"support":{"source":"https://github.com/pestphp/pest-plugin-arch/tree/v2.3.0"},"time":"2023-08-21T08:19:53+00:00"},{"version":"v2.2.3","version_normalized":"2.2.3.0","source":{"url":"https://github.com/pestphp/pest-plugin-arch.git","type":"git","reference":"f44834b728b44028fb7d99c4e3efc88b699728a8"},"dist":{"url":"https://api.github.com/repos/pestphp/pest-plugin-arch/zipball/f44834b728b44028fb7d99c4e3efc88b699728a8","type":"zip","shasum":"","reference":"f44834b728b44028fb7d99c4e3efc88b699728a8"},"support":{"source":"https://github.com/pestphp/pest-plugin-arch/tree/v2.2.3"},"time":"2023-07-24T18:04:14+00:00","require":{"php":"^8.1","nunomaduro/collision":"^7.7.0","pestphp/pest-plugin":"^2.0.1","ta-tikoma/phpunit-architecture-test":"^0.7.3"},"require-dev":{"pestphp/pest":"^2.9.4","pestphp/pest-dev-tools":"^2.12.0"}},{"version":"v2.2.2","version_normalized":"2.2.2.0","source":{"url":"https://github.com/pestphp/pest-plugin-arch.git","type":"git","reference":"733d5c396484c7518c53f02ffb88cf2e2f31b97d"},"dist":{"url":"https://api.github.com/repos/pestphp/pest-plugin-arch/zipball/733d5c396484c7518c53f02ffb88cf2e2f31b97d","type":"zip","shasum":"","reference":"733d5c396484c7518c53f02ffb88cf2e2f31b97d"},"support":{"source":"https://github.com/pestphp/pest-plugin-arch/tree/v2.2.2"},"time":"2023-07-08T12:39:42+00:00","require-dev":{"pestphp/pest":"dev-develop as 2.6.2","pestphp/pest-dev-tools":"^2.12.0"}},{"version":"v2.2.1","version_normalized":"2.2.1.0","source":{"url":"https://github.com/pestphp/pest-plugin-arch.git","type":"git","reference":"bac18387f015590e6d3883383cfb42e7550bb100"},"dist":{"url":"https://api.github.com/repos/pestphp/pest-plugin-arch/zipball/bac18387f015590e6d3883383cfb42e7550bb100","type":"zip","shasum":"","reference":"bac18387f015590e6d3883383cfb42e7550bb100"},"support":{"source":"https://github.com/pestphp/pest-plugin-arch/tree/v2.2.1"},"time":"2023-06-15T16:05:13+00:00","require":{"php":"^8.1","nunomaduro/collision":"^7.6.0","pestphp/pest-plugin":"^2.0.1","ta-tikoma/phpunit-architecture-test":"^0.7.3"}},{"version":"v2.2.0","version_normalized":"2.2.0.0","source":{"url":"https://github.com/pestphp/pest-plugin-arch.git","type":"git","reference":"88725fd0d6ae4025df39c27bd91e98d14b8f1916"},"dist":{"url":"https://api.github.com/repos/pestphp/pest-plugin-arch/zipball/88725fd0d6ae4025df39c27bd91e98d14b8f1916","type":"zip","shasum":"","reference":"88725fd0d6ae4025df39c27bd91e98d14b8f1916"},"support":{"source":"https://github.com/pestphp/pest-plugin-arch/tree/v2.2.0"},"time":"2023-06-02T23:15:55+00:00","require":{"php":"^8.1","nunomaduro/collision":"^7.5.2","pestphp/pest-plugin":"^2.0.1","ta-tikoma/phpunit-architecture-test":"^0.7.3"},"require-dev":{"pestphp/pest":"dev-develop as 2.6.2","pestphp/pest-dev-tools":"^2.10.0"}},{"version":"v2.1.2","version_normalized":"2.1.2.0","source":{"url":"https://github.com/pestphp/pest-plugin-arch.git","type":"git","reference":"485cbfbe2e194e9cfd8284625bd8922c9d27ac6f"},"dist":{"url":"https://api.github.com/repos/pestphp/pest-plugin-arch/zipball/485cbfbe2e194e9cfd8284625bd8922c9d27ac6f","type":"zip","shasum":"","reference":"485cbfbe2e194e9cfd8284625bd8922c9d27ac6f"},"support":{"source":"https://github.com/pestphp/pest-plugin-arch/tree/v2.1.2"},"time":"2023-04-19T08:48:22+00:00","require":{"php":"^8.1","nunomaduro/collision":"^7.5.0","pestphp/pest-plugin":"^2.0.1","ta-tikoma/phpunit-architecture-test":"^0.7.3"},"require-dev":{"pestphp/pest":"^2.5.1","pestphp/pest-dev-tools":"^2.6.0"}},{"version":"v2.1.1","version_normalized":"2.1.1.0","source":{"url":"https://github.com/pestphp/pest-plugin-arch.git","type":"git","reference":"eb458dee939014a7f796147fa011db5e73dac63c"},"dist":{"url":"https://api.github.com/repos/pestphp/pest-plugin-arch/zipball/eb458dee939014a7f796147fa011db5e73dac63c","type":"zip","shasum":"","reference":"eb458dee939014a7f796147fa011db5e73dac63c"},"support":{"source":"https://github.com/pestphp/pest-plugin-arch/tree/v2.1.1"},"time":"2023-04-02T19:43:12+00:00","require":{"php":"^8.1","nunomaduro/collision":"^7.4.0","pestphp/pest-plugin":"^2.0.1","ta-tikoma/phpunit-architecture-test":"^0.7.2"},"require-dev":{"pestphp/pest":"^2.3.0","pestphp/pest-dev-tools":"^2.6.0"}},{"version":"v2.1.0","version_normalized":"2.1.0.0","source":{"url":"https://github.com/pestphp/pest-plugin-arch.git","type":"git","reference":"e6d8479ccdb91364ea8b4f76782ffd607210f211"},"dist":{"url":"https://api.github.com/repos/pestphp/pest-plugin-arch/zipball/e6d8479ccdb91364ea8b4f76782ffd607210f211","type":"zip","shasum":"","reference":"e6d8479ccdb91364ea8b4f76782ffd607210f211"},"support":{"source":"https://github.com/pestphp/pest-plugin-arch/tree/v2.1.0"},"time":"2023-04-01T15:31:43+00:00"},{"version":"v2.0.2","version_normalized":"2.0.2.0","source":{"url":"https://github.com/pestphp/pest-plugin-arch.git","type":"git","reference":"02ce3fd7cf795f30be72cb4935f6ad99b077d278"},"dist":{"url":"https://api.github.com/repos/pestphp/pest-plugin-arch/zipball/02ce3fd7cf795f30be72cb4935f6ad99b077d278","type":"zip","shasum":"","reference":"02ce3fd7cf795f30be72cb4935f6ad99b077d278"},"support":{"source":"https://github.com/pestphp/pest-plugin-arch/tree/v2.0.2"},"time":"2023-03-24T11:18:19+00:00","require":{"php":"^8.1","pestphp/pest-plugin":"^2.0.0","ta-tikoma/phpunit-architecture-test":"^0.7.2"},"require-dev":{"pestphp/pest":"^2.2.2","pestphp/pest-dev-tools":"^2.5.0"}},{"version":"v2.0.1","version_normalized":"2.0.1.0","source":{"url":"https://github.com/pestphp/pest-plugin-arch.git","type":"git","reference":"8bb489c635b386188bf725b0fd0415262d633903"},"dist":{"url":"https://api.github.com/repos/pestphp/pest-plugin-arch/zipball/8bb489c635b386188bf725b0fd0415262d633903","type":"zip","shasum":"","reference":"8bb489c635b386188bf725b0fd0415262d633903"},"support":{"source":"https://github.com/pestphp/pest-plugin-arch/tree/v2.0.1"},"time":"2023-03-20T15:14:41+00:00","require":{"php":"^8.1","pestphp/pest-plugin":"^2.0.0","ta-tikoma/phpunit-architecture-test":"^0.7.1"},"require-dev":{"pestphp/pest":"^2.0.1","pestphp/pest-dev-tools":"^2.5.0"}},{"version":"v2.0.0","version_normalized":"2.0.0.0","source":{"url":"https://github.com/pestphp/pest-plugin-arch.git","type":"git","reference":"8a91c6a17029ea19ad6f87b8449f3209d11ffa88"},"dist":{"url":"https://api.github.com/repos/pestphp/pest-plugin-arch/zipball/8a91c6a17029ea19ad6f87b8449f3209d11ffa88","type":"zip","shasum":"","reference":"8a91c6a17029ea19ad6f87b8449f3209d11ffa88"},"support":{"source":"https://github.com/pestphp/pest-plugin-arch/tree/v2.0.0"},"time":"2023-03-20T10:06:51+00:00","require":{"php":"^8.1","pestphp/pest":"^2.0.0","pestphp/pest-plugin":"^2.0.0","ta-tikoma/phpunit-architecture-test":"^0.7.1"},"require-dev":{"pestphp/pest-dev-tools":"^2.5.0"}}]},"security-advisories":[],"last-modified":"Sun, 08 Sep 2024 23:25:47 GMT"}