{"minified":"composer/2.0","packages":{"hamcrest/hamcrest-php":[{"name":"hamcrest/hamcrest-php","description":"This is the PHP port of Hamcrest Matchers","keywords":["test"],"homepage":"","version":"v2.0.1","version_normalized":"2.0.1.0","license":["BSD-3-Clause"],"authors":[],"source":{"url":"https://github.com/hamcrest/hamcrest-php.git","type":"git","reference":"8c3d0a3f6af734494ad8f6fbbee0ba92422859f3"},"dist":{"url":"https://api.github.com/repos/hamcrest/hamcrest-php/zipball/8c3d0a3f6af734494ad8f6fbbee0ba92422859f3","type":"zip","shasum":"","reference":"8c3d0a3f6af734494ad8f6fbbee0ba92422859f3"},"type":"library","support":{"issues":"https://github.com/hamcrest/hamcrest-php/issues","source":"https://github.com/hamcrest/hamcrest-php/tree/v2.0.1"},"funding":[],"time":"2020-07-09T08:09:16+00:00","autoload":{"classmap":["hamcrest"]},"extra":{"branch-alias":{"dev-master":"2.1-dev"}},"require":{"php":"^5.3|^7.0|^8.0"},"require-dev":{"phpunit/php-file-iterator":"^1.4 || ^2.0","phpunit/phpunit":"^4.8.36 || ^5.7 || ^6.5 || ^7.0"},"replace":{"kodova/hamcrest-php":"*","davedevelopment/hamcrest-php":"*","cordoval/hamcrest-php":"*"}},{"version":"v2.0.0","version_normalized":"2.0.0.0","license":["BSD"],"source":{"url":"https://github.com/hamcrest/hamcrest-php.git","type":"git","reference":"776503d3a8e85d4f9a1148614f95b7a608b046ad"},"dist":{"url":"https://api.github.com/repos/hamcrest/hamcrest-php/zipball/776503d3a8e85d4f9a1148614f95b7a608b046ad","type":"zip","shasum":"","reference":"776503d3a8e85d4f9a1148614f95b7a608b046ad"},"support":{"issues":"https://github.com/hamcrest/hamcrest-php/issues","source":"https://github.com/hamcrest/hamcrest-php/tree/master"},"time":"2016-01-20T08:20:44+00:00","extra":{"branch-alias":{"dev-master":"2.0-dev"}},"require":{"php":"^5.3|^7.0"},"require-dev":{"satooshi/php-coveralls":"^1.0","phpunit/php-file-iterator":"1.3.3","phpunit/phpunit":"~4.0"},"funding":"__unset"},{"version":"v1.2.2","version_normalized":"1.2.2.0","source":{"url":"https://github.com/hamcrest/hamcrest-php.git","type":"git","reference":"b37020aa976fa52d3de9aa904aa2522dc518f79c"},"dist":{"url":"https://api.github.com/repos/hamcrest/hamcrest-php/zipball/b37020aa976fa52d3de9aa904aa2522dc518f79c","type":"zip","shasum":"","reference":"b37020aa976fa52d3de9aa904aa2522dc518f79c"},"time":"2015-05-11T14:41:42+00:00","autoload":{"files":["hamcrest/Hamcrest.php"],"classmap":["hamcrest"]},"require":{"php":">=5.3.2"},"require-dev":{"satooshi/php-coveralls":"dev-master","phpunit/php-file-iterator":"1.3.3"},"extra":"__unset"},{"version":"v1.2.1","version_normalized":"1.2.1.0","source":{"url":"https://github.com/hamcrest/hamcrest-php.git","type":"git","reference":"ac50c470531243944f977b8de75be0b684a9cb51"},"dist":{"url":"https://api.github.com/repos/hamcrest/hamcrest-php/zipball/ac50c470531243944f977b8de75be0b684a9cb51","type":"zip","shasum":"","reference":"ac50c470531243944f977b8de75be0b684a9cb51"},"time":"2015-01-20T19:34:09+00:00"},{"version":"v1.2.0","version_normalized":"1.2.0.0","source":{"url":"https://github.com/hamcrest/hamcrest-php.git","type":"git","reference":"a68ffcabdeeb2c7c253073ab49c86a91a551d8dd"},"dist":{"url":"https://api.github.com/repos/hamcrest/hamcrest-php/zipball/a68ffcabdeeb2c7c253073ab49c86a91a551d8dd","type":"zip","shasum":"","reference":"a68ffcabdeeb2c7c253073ab49c86a91a551d8dd"},"time":"2014-09-25T04:46:01+00:00"},{"version":"v1.1.1","version_normalized":"1.1.1.0","source":{"url":"https://github.com/hamcrest/hamcrest-php.git","type":"git","reference":"6048f44ff583958353fd8540e971565c306bb99b"},"dist":{"url":"https://api.github.com/repos/hamcrest/hamcrest-php/zipball/6048f44ff583958353fd8540e971565c306bb99b","type":"zip","shasum":"","reference":"6048f44ff583958353fd8540e971565c306bb99b"},"time":"2013-09-16T08:13:48+00:00","autoload":{"classmap":["hamcrest/","tests","generator"]},"replace":{"kodova/hamcrest-php":"*","davedevelopment/hamcrest-php":"*"}},{"version":"v1.1.0","version_normalized":"1.1.0.0","source":{"url":"https://github.com/hamcrest/hamcrest-php.git","type":"git","reference":"6dc849e4a8954177748320d06721d6bc972129eb"},"dist":{"url":"https://api.github.com/repos/hamcrest/hamcrest-php/zipball/6dc849e4a8954177748320d06721d6bc972129eb","type":"zip","shasum":"","reference":"6dc849e4a8954177748320d06721d6bc972129eb"},"support":{"issues":"https://github.com/hamcrest/hamcrest-php/issues","source":"https://github.com/hamcrest/hamcrest-php/tree/v1.1.0"},"time":"2013-06-01T23:02:01+00:00","autoload":{"psr-0":{"Hamcrest":"hamcrest"}},"require-dev":"__unset","replace":"__unset"}]},"security-advisories":[],"last-modified":"Sun, 14 Apr 2024 11:36:30 GMT"}