{"minified":"composer/2.0","packages":{"react/stream":[{"name":"react/stream","description":"Event-driven readable and writable streams for non-blocking I/O in ReactPHP","keywords":["stream","io","pipe","event-driven","readable","non-blocking","reactphp","writable"],"homepage":"","version":"v1.4.0","version_normalized":"1.4.0.0","license":["MIT"],"authors":[{"name":"Christian Lück","email":"christian@clue.engineering","homepage":"https://clue.engineering/"},{"name":"Cees-Jan Kiewiet","email":"reactphp@ceesjankiewiet.nl","homepage":"https://wyrihaximus.net/"},{"name":"Jan Sorgalla","email":"jsorgalla@gmail.com","homepage":"https://sorgalla.com/"},{"name":"Chris Boden","email":"cboden@gmail.com","homepage":"https://cboden.dev/"}],"source":{"url":"https://github.com/reactphp/stream.git","type":"git","reference":"1e5b0acb8fe55143b5b426817155190eb6f5b18d"},"dist":{"url":"https://api.github.com/repos/reactphp/stream/zipball/1e5b0acb8fe55143b5b426817155190eb6f5b18d","type":"zip","shasum":"","reference":"1e5b0acb8fe55143b5b426817155190eb6f5b18d"},"type":"library","support":{"issues":"https://github.com/reactphp/stream/issues","source":"https://github.com/reactphp/stream/tree/v1.4.0"},"funding":[{"url":"https://opencollective.com/reactphp","type":"open_collective"}],"time":"2024-06-11T12:45:25+00:00","autoload":{"psr-4":{"React\\Stream\\":"src/"}},"require":{"php":">=5.3.8","react/event-loop":"^1.2","evenement/evenement":"^3.0 || ^2.0 || ^1.0"},"require-dev":{"phpunit/phpunit":"^9.6 || ^5.7 || ^4.8.36","clue/stream-filter":"~1.2"}},{"version":"v1.3.0","version_normalized":"1.3.0.0","source":{"url":"https://github.com/reactphp/stream.git","type":"git","reference":"6fbc9672905c7d5a885f2da2fc696f65840f4a66"},"dist":{"url":"https://api.github.com/repos/reactphp/stream/zipball/6fbc9672905c7d5a885f2da2fc696f65840f4a66","type":"zip","shasum":"","reference":"6fbc9672905c7d5a885f2da2fc696f65840f4a66"},"support":{"issues":"https://github.com/reactphp/stream/issues","source":"https://github.com/reactphp/stream/tree/v1.3.0"},"time":"2023-06-16T10:52:11+00:00","require-dev":{"phpunit/phpunit":"^9.5 || ^5.7 || ^4.8.35","clue/stream-filter":"~1.2"}},{"version":"v1.2.0","version_normalized":"1.2.0.0","source":{"url":"https://github.com/reactphp/stream.git","type":"git","reference":"7a423506ee1903e89f1e08ec5f0ed430ff784ae9"},"dist":{"url":"https://api.github.com/repos/reactphp/stream/zipball/7a423506ee1903e89f1e08ec5f0ed430ff784ae9","type":"zip","shasum":"","reference":"7a423506ee1903e89f1e08ec5f0ed430ff784ae9"},"support":{"issues":"https://github.com/reactphp/stream/issues","source":"https://github.com/reactphp/stream/tree/v1.2.0"},"funding":[{"url":"https://github.com/WyriHaximus","type":"github"},{"url":"https://github.com/clue","type":"github"}],"time":"2021-07-11T12:37:55+00:00","autoload":{"psr-4":{"React\\Stream\\":"src"}},"require-dev":{"phpunit/phpunit":"^9.3 || ^5.7 || ^4.8.35","clue/stream-filter":"~1.2"}},{"version":"v1.1.1","version_normalized":"1.1.1.0","authors":[],"source":{"url":"https://github.com/reactphp/stream.git","type":"git","reference":"7c02b510ee3f582c810aeccd3a197b9c2f52ff1a"},"dist":{"url":"https://api.github.com/repos/reactphp/stream/zipball/7c02b510ee3f582c810aeccd3a197b9c2f52ff1a","type":"zip","shasum":"","reference":"7c02b510ee3f582c810aeccd3a197b9c2f52ff1a"},"support":{"issues":"https://github.com/reactphp/stream/issues","source":"https://github.com/reactphp/stream/tree/v1.1.1"},"funding":[],"time":"2020-05-04T10:17:57+00:00","require":{"php":">=5.3.8","react/event-loop":"^1.0 || ^0.5 || ^0.4 || ^0.3.5","evenement/evenement":"^3.0 || ^2.0 || ^1.0"},"require-dev":{"phpunit/phpunit":"^7.0 || ^6.4 || ^5.7 || ^4.8.35","clue/stream-filter":"~1.2"}},{"version":"v1.1.0","version_normalized":"1.1.0.0","source":{"url":"https://github.com/reactphp/stream.git","type":"git","reference":"50426855f7a77ddf43b9266c22320df5bf6c6ce6"},"dist":{"url":"https://api.github.com/repos/reactphp/stream/zipball/50426855f7a77ddf43b9266c22320df5bf6c6ce6","type":"zip","shasum":"","reference":"50426855f7a77ddf43b9266c22320df5bf6c6ce6"},"support":{"issues":"https://github.com/reactphp/stream/issues","source":"https://github.com/reactphp/stream/tree/master"},"time":"2019-01-01T16:15:09+00:00","require-dev":{"phpunit/phpunit":"^6.4 || ^5.7 || ^4.8.35","clue/stream-filter":"~1.2"},"funding":"__unset"},{"version":"v1.0.0","version_normalized":"1.0.0.0","source":{"url":"https://github.com/reactphp/stream.git","type":"git","reference":"fdd0140f42805d65bf9687636503db0b326d2244"},"dist":{"url":"https://api.github.com/repos/reactphp/stream/zipball/fdd0140f42805d65bf9687636503db0b326d2244","type":"zip","shasum":"","reference":"fdd0140f42805d65bf9687636503db0b326d2244"},"support":{"issues":"https://github.com/reactphp/stream/issues","source":"https://github.com/reactphp/stream/tree/v1.0.0"},"time":"2018-07-11T14:38:16+00:00"},{"version":"v0.7.7","version_normalized":"0.7.7.0","source":{"url":"https://github.com/reactphp/stream.git","type":"git","reference":"10100896018fd847a257cd81143b8e1b7be08e40"},"dist":{"url":"https://api.github.com/repos/reactphp/stream/zipball/10100896018fd847a257cd81143b8e1b7be08e40","type":"zip","shasum":"","reference":"10100896018fd847a257cd81143b8e1b7be08e40"},"support":{"issues":"https://github.com/reactphp/stream/issues","source":"https://github.com/reactphp/stream/tree/v0.7.7"},"time":"2018-01-19T15:04:38+00:00"},{"version":"v0.7.6","version_normalized":"0.7.6.0","source":{"url":"https://github.com/reactphp/stream.git","type":"git","reference":"4e07a0014896cbbb73e2f2b2c28e86174b6e1d4d"},"dist":{"url":"https://api.github.com/repos/reactphp/stream/zipball/4e07a0014896cbbb73e2f2b2c28e86174b6e1d4d","type":"zip","shasum":"","reference":"4e07a0014896cbbb73e2f2b2c28e86174b6e1d4d"},"support":{"issues":"https://github.com/reactphp/stream/issues","source":"https://github.com/reactphp/stream/tree/v0.7.6"},"time":"2017-12-21T14:12:01+00:00","require":{"php":">=5.3.8","react/event-loop":"^1.0 || ^0.5 || ^0.4 || ^0.3","evenement/evenement":"^3.0 || ^2.0 || ^1.0"}},{"version":"v0.7.5","version_normalized":"0.7.5.0","source":{"url":"https://github.com/reactphp/stream.git","type":"git","reference":"a41bbffdda5e3f4282012f8e346cef48ecb28b24"},"dist":{"url":"https://api.github.com/repos/reactphp/stream/zipball/a41bbffdda5e3f4282012f8e346cef48ecb28b24","type":"zip","shasum":"","reference":"a41bbffdda5e3f4282012f8e346cef48ecb28b24"},"support":{"issues":"https://github.com/reactphp/stream/issues","source":"https://github.com/reactphp/stream/tree/v0.7.5"},"time":"2017-11-20T11:55:48+00:00","suggest":{"react/event-loop":"^0.4"}},{"version":"v0.7.4","version_normalized":"0.7.4.0","source":{"url":"https://github.com/reactphp/stream.git","type":"git","reference":"5c7db5261b3cc7e11b8ba765bed8ba31ee745f5c"},"dist":{"url":"https://api.github.com/repos/reactphp/stream/zipball/5c7db5261b3cc7e11b8ba765bed8ba31ee745f5c","type":"zip","shasum":"","reference":"5c7db5261b3cc7e11b8ba765bed8ba31ee745f5c"},"support":{"issues":"https://github.com/reactphp/stream/issues","source":"https://github.com/reactphp/stream/tree/v0.7.4"},"time":"2017-10-11T17:58:46+00:00","require-dev":{"phpunit/phpunit":"^5.0 || ^4.8.10","clue/stream-filter":"~1.2"}},{"version":"v0.7.3","version_normalized":"0.7.3.0","source":{"url":"https://github.com/reactphp/stream.git","type":"git","reference":"5cc7bec91dc3f6ad123a81602489b82fdb180090"},"dist":{"url":"https://api.github.com/repos/reactphp/stream/zipball/5cc7bec91dc3f6ad123a81602489b82fdb180090","type":"zip","shasum":"","reference":"5cc7bec91dc3f6ad123a81602489b82fdb180090"},"support":{"issues":"https://github.com/reactphp/stream/issues","source":"https://github.com/reactphp/stream/tree/master"},"time":"2017-08-05T09:16:09+00:00"},{"version":"v0.7.2","version_normalized":"0.7.2.0","source":{"url":"https://github.com/reactphp/stream.git","type":"git","reference":"a7ea0af02c00f1fc004d654f9ee1e2b900e53d5b"},"dist":{"url":"https://api.github.com/repos/reactphp/stream/zipball/a7ea0af02c00f1fc004d654f9ee1e2b900e53d5b","type":"zip","shasum":"","reference":"a7ea0af02c00f1fc004d654f9ee1e2b900e53d5b"},"time":"2017-06-15T20:26:53+00:00","require":{"php":">=5.3.8","react/event-loop":"^1.0 || ^0.5 || ^0.4 || ^0.3","evenement/evenement":"^2.0|^1.0"}},{"version":"v0.7.1","version_normalized":"0.7.1.0","source":{"url":"https://github.com/reactphp/stream.git","type":"git","reference":"bd19f2f66de70afa8a065bbfdb07def24af8f63c"},"dist":{"url":"https://api.github.com/repos/reactphp/stream/zipball/bd19f2f66de70afa8a065bbfdb07def24af8f63c","type":"zip","shasum":"","reference":"bd19f2f66de70afa8a065bbfdb07def24af8f63c"},"support":{"issues":"https://github.com/reactphp/stream/issues","source":"https://github.com/reactphp/stream/tree/v0.7.1"},"time":"2017-05-20T17:29:18+00:00"},{"version":"v0.7.0","version_normalized":"0.7.0.0","source":{"url":"https://github.com/reactphp/stream.git","type":"git","reference":"b996af99fd1169ff74e93ef69c1513b7d0db19d0"},"dist":{"url":"https://api.github.com/repos/reactphp/stream/zipball/b996af99fd1169ff74e93ef69c1513b7d0db19d0","type":"zip","shasum":"","reference":"b996af99fd1169ff74e93ef69c1513b7d0db19d0"},"support":{"issues":"https://github.com/reactphp/stream/issues","source":"https://github.com/reactphp/stream/tree/v0.7.0"},"time":"2017-05-04T12:43:49+00:00"},{"version":"v0.6.0","version_normalized":"0.6.0.0","source":{"url":"https://github.com/reactphp/stream.git","type":"git","reference":"b68463756d8be851829b7a9de8200c9d19eb997e"},"dist":{"url":"https://api.github.com/repos/reactphp/stream/zipball/b68463756d8be851829b7a9de8200c9d19eb997e","type":"zip","shasum":"","reference":"b68463756d8be851829b7a9de8200c9d19eb997e"},"support":{"issues":"https://github.com/reactphp/stream/issues","source":"https://github.com/reactphp/stream/tree/v0.6.0"},"time":"2017-03-26T18:02:15+00:00","require":{"php":">=5.3.8","evenement/evenement":"^2.0|^1.0"},"require-dev":{"phpunit/phpunit":"^5.0 || ^4.8.10","react/event-loop":"^0.4|^0.3","react/promise":"^2.0|^1.0","clue/stream-filter":"~1.2"},"suggest":{"react/event-loop":"^0.4","react/promise":"^2.0"}},{"description":"Basic readable and writable stream interfaces that support piping.","keywords":["stream","pipe"],"version":"v0.5.0","version_normalized":"0.5.0.0","source":{"url":"https://github.com/reactphp/stream.git","type":"git","reference":"6ccc4bd601e362aebfe5f449411a08b5f38b229d"},"dist":{"url":"https://api.github.com/repos/reactphp/stream/zipball/6ccc4bd601e362aebfe5f449411a08b5f38b229d","type":"zip","shasum":"","reference":"6ccc4bd601e362aebfe5f449411a08b5f38b229d"},"support":{"issues":"https://github.com/reactphp/stream/issues","source":"https://github.com/reactphp/stream/tree/v0.5.0"},"time":"2017-03-08T08:17:17+00:00"},{"version":"v0.4.6","version_normalized":"0.4.6.0","source":{"url":"https://github.com/reactphp/stream.git","type":"git","reference":"44dc7f51ea48624110136b535b9ba44fd7d0c1ee"},"dist":{"url":"https://api.github.com/repos/reactphp/stream/zipball/44dc7f51ea48624110136b535b9ba44fd7d0c1ee","type":"zip","shasum":"","reference":"44dc7f51ea48624110136b535b9ba44fd7d0c1ee"},"support":{"issues":"https://github.com/reactphp/stream/issues","source":"https://github.com/reactphp/stream/tree/v0.4.6"},"time":"2017-01-25T14:44:14+00:00","require-dev":{"react/event-loop":"^0.4|^0.3","react/promise":"^2.0|^1.0","clue/stream-filter":"~1.2"}},{"version":"v0.4.5","version_normalized":"0.4.5.0","source":{"url":"https://github.com/reactphp/stream.git","type":"git","reference":"23389503012e1ab721ad498a5a1f4b39f7a43c00"},"dist":{"url":"https://api.github.com/repos/reactphp/stream/zipball/23389503012e1ab721ad498a5a1f4b39f7a43c00","type":"zip","shasum":"","reference":"23389503012e1ab721ad498a5a1f4b39f7a43c00"},"support":{"issues":"https://github.com/reactphp/stream/issues","source":"https://github.com/reactphp/stream/tree/v0.4.5"},"time":"2016-11-13T17:06:02+00:00"},{"version":"v0.4.4","version_normalized":"0.4.4.0","source":{"url":"https://github.com/reactphp/stream.git","type":"git","reference":"fcc9e7cea126962cff303c90c05e2efdcec09a27"},"dist":{"url":"https://api.github.com/repos/reactphp/stream/zipball/fcc9e7cea126962cff303c90c05e2efdcec09a27","type":"zip","shasum":"","reference":"fcc9e7cea126962cff303c90c05e2efdcec09a27"},"support":{"issues":"https://github.com/reactphp/stream/issues","source":"https://github.com/reactphp/stream/tree/v0.4.4"},"time":"2016-08-22T09:51:07+00:00"},{"version":"v0.4.3","version_normalized":"0.4.3.0","source":{"url":"https://github.com/reactphp/stream.git","type":"git","reference":"305b2328d2a2e157bc13b61a0f5c6e41b666b188"},"dist":{"url":"https://api.github.com/repos/reactphp/stream/zipball/305b2328d2a2e157bc13b61a0f5c6e41b666b188","type":"zip","shasum":"","reference":"305b2328d2a2e157bc13b61a0f5c6e41b666b188"},"support":{"issues":"https://github.com/reactphp/stream/issues","source":"https://github.com/reactphp/stream/tree/master"},"time":"2015-10-07T18:32:58+00:00","extra":{"branch-alias":{"dev-master":"0.5-dev"}},"require-dev":{"react/event-loop":"^0.4|^0.3","react/promise":"^2.0|^1.0"}},{"version":"v0.4.2","version_normalized":"0.4.2.0","source":{"url":"https://github.com/reactphp/stream.git","type":"git","reference":"acc7a5fec02e0aea674560e1d13c40ed0c8c5465"},"dist":{"url":"https://api.github.com/repos/reactphp/stream/zipball/acc7a5fec02e0aea674560e1d13c40ed0c8c5465","type":"zip","shasum":"","reference":"acc7a5fec02e0aea674560e1d13c40ed0c8c5465"},"time":"2014-09-10T03:32:31+00:00","require":{"php":">=5.4.0","evenement/evenement":"~2.0"},"require-dev":{"react/event-loop":"0.4.*","react/promise":"~2.0"},"suggest":{"react/event-loop":"0.4.*","react/promise":"~2.0"}},{"version":"v0.4.1","version_normalized":"0.4.1.0","source":{"url":"https://github.com/reactphp/stream.git","type":"git","reference":"9db28e85a6fe7b57fad5e8c036f3434bcb8c8f60"},"dist":{"url":"https://api.github.com/repos/reactphp/stream/zipball/9db28e85a6fe7b57fad5e8c036f3434bcb8c8f60","type":"zip","shasum":"","reference":"9db28e85a6fe7b57fad5e8c036f3434bcb8c8f60"},"support":{"issues":"https://github.com/reactphp/stream/issues","source":"https://github.com/reactphp/stream/tree/v0.4.1"},"time":"2014-03-30T17:19:02+00:00","autoload":{"psr-4":{"React\\Stream\\":""}},"extra":{"branch-alias":{"dev-master":"0.4-dev"}},"require-dev":"__unset"},{"version":"v0.4.0","version_normalized":"0.4.0.0","source":{"url":"https://github.com/reactphp/stream.git","type":"git","reference":"16b05e90ee714394dc50bb559c51491f4a7b5778"},"dist":{"url":"https://api.github.com/repos/reactphp/stream/zipball/16b05e90ee714394dc50bb559c51491f4a7b5778","type":"zip","shasum":"","reference":"16b05e90ee714394dc50bb559c51491f4a7b5778"},"support":{"issues":"https://github.com/reactphp/stream/issues","source":"https://github.com/reactphp/stream/tree/v0.4.0"},"time":"2014-02-02T16:21:45+00:00"},{"version":"v0.3.4","version_normalized":"0.3.4.0","source":{"url":"https://github.com/reactphp/stream.git","type":"git","reference":"feef56628afe3fa861f0da5f92c909e029efceac"},"dist":{"url":"https://api.github.com/repos/reactphp/stream/zipball/feef56628afe3fa861f0da5f92c909e029efceac","type":"zip","shasum":"","reference":"feef56628afe3fa861f0da5f92c909e029efceac"},"support":{"issues":"https://github.com/reactphp/stream/issues","source":"https://github.com/reactphp/stream/tree/v0.3.4"},"time":"2014-02-16T19:48:52+00:00","autoload":{"psr-0":{"React\\Stream":""}},"extra":{"branch-alias":{"dev-master":"0.3-dev"}},"target-dir":"React/Stream","require":{"php":">=5.3.3","evenement/evenement":"1.0.*"},"suggest":{"react/event-loop":"0.3.*","react/promise":"~1.0"}},{"version":"v0.3.3","version_normalized":"0.3.3.0","source":{"url":"https://github.com/reactphp/stream.git","type":"git","reference":"c212d551d021bcc3a172688b7a08219a262e5dfb"},"dist":{"url":"https://api.github.com/repos/reactphp/stream/zipball/c212d551d021bcc3a172688b7a08219a262e5dfb","type":"zip","shasum":"","reference":"c212d551d021bcc3a172688b7a08219a262e5dfb"},"support":{"issues":"https://github.com/reactphp/stream/issues","source":"https://github.com/reactphp/stream/tree/v0.3.3"},"time":"2013-07-09T00:44:12+00:00"},{"version":"v0.3.2","version_normalized":"0.3.2.0","source":{"url":"https://github.com/reactphp/stream.git","type":"git","reference":"ca24819ecb995094ae9c9214cd2cefc3d1cc93ca"},"dist":{"url":"https://api.github.com/repos/reactphp/stream/zipball/ca24819ecb995094ae9c9214cd2cefc3d1cc93ca","type":"zip","shasum":"","reference":"ca24819ecb995094ae9c9214cd2cefc3d1cc93ca"},"support":{"issues":"https://github.com/reactphp/stream/issues","source":"https://github.com/reactphp/stream/tree/v0.3.2"},"time":"2013-05-10T15:12:22+00:00"},{"version":"v0.3.1","version_normalized":"0.3.1.0","source":{"url":"https://github.com/reactphp/stream.git","type":"git","reference":"521a10cf69e1654f45f9e4f6059f4deb8403d13d"},"dist":{"url":"https://api.github.com/repos/reactphp/stream/zipball/521a10cf69e1654f45f9e4f6059f4deb8403d13d","type":"zip","shasum":"","reference":"521a10cf69e1654f45f9e4f6059f4deb8403d13d"},"support":{"issues":"https://github.com/reactphp/stream/issues","source":"https://github.com/reactphp/stream/tree/v0.3.1"},"time":"2013-04-21T13:25:49+00:00"},{"version":"v0.3.0","version_normalized":"0.3.0.0","source":{"url":"https://github.com/reactphp/stream.git","type":"git","reference":"20cc0458ad93e8f1f00ef15408e759436ce36d68"},"dist":{"url":"https://api.github.com/repos/reactphp/stream/zipball/20cc0458ad93e8f1f00ef15408e759436ce36d68","type":"zip","shasum":"","reference":"20cc0458ad93e8f1f00ef15408e759436ce36d68"},"support":{"issues":"https://github.com/reactphp/stream/issues","source":"https://github.com/reactphp/stream/tree/v0.3.0"},"time":"2013-04-14T02:10:39+00:00"},{"version":"v0.2.6","version_normalized":"0.2.6.0","source":{"url":"https://github.com/reactphp/stream.git","type":"git","reference":"34c1059cffb44873440135e9a86fe9ae9caf5acd"},"dist":{"url":"https://api.github.com/repos/reactphp/stream/zipball/34c1059cffb44873440135e9a86fe9ae9caf5acd","type":"zip","shasum":"","reference":"34c1059cffb44873440135e9a86fe9ae9caf5acd"},"support":{"issues":"https://github.com/reactphp/stream/issues","source":"https://github.com/reactphp/stream/tree/v0.2.7"},"time":"2012-12-14T00:58:14+00:00","extra":{"branch-alias":{"dev-master":"0.2-dev"}},"suggest":{"react/event-loop":"0.2.*","react/promise":"1.0.*"}},{"version":"v0.2.5","version_normalized":"0.2.5.0","source":{"url":"https://github.com/reactphp/stream.git","type":"git","reference":"2619afe971fee857fd20bf1f351e8b2b5a7165fe"},"dist":{"url":"https://api.github.com/repos/reactphp/stream/zipball/2619afe971fee857fd20bf1f351e8b2b5a7165fe","type":"zip","shasum":"","reference":"2619afe971fee857fd20bf1f351e8b2b5a7165fe"},"support":{"issues":"https://github.com/reactphp/stream/issues","source":"https://github.com/reactphp/stream/tree/v0.2.5"},"time":"2012-11-19T08:24:10+00:00"},{"version":"v0.2.4","version_normalized":"0.2.4.0","source":{"url":"https://github.com/reactphp/stream.git","type":"git","reference":"833fe52d158ca17e1beaadd29a12f578f67fb865"},"dist":{"url":"https://api.github.com/repos/reactphp/stream/zipball/833fe52d158ca17e1beaadd29a12f578f67fb865","type":"zip","shasum":"","reference":"833fe52d158ca17e1beaadd29a12f578f67fb865"},"support":{"issues":"https://github.com/reactphp/stream/issues","source":"https://github.com/reactphp/stream/tree/v0.2.4"},"time":"2012-11-18T00:18:39+00:00","suggest":{"react/event-loop":"0.2.*"}},{"version":"v0.2.3","version_normalized":"0.2.3.0","source":{"url":"https://github.com/reactphp/stream.git","type":"git","reference":"d091073e87bff9356108ecf79696722e7aff39ca"},"dist":{"url":"https://api.github.com/repos/reactphp/stream/zipball/d091073e87bff9356108ecf79696722e7aff39ca","type":"zip","shasum":"","reference":"d091073e87bff9356108ecf79696722e7aff39ca"},"support":{"issues":"https://github.com/reactphp/stream/issues","source":"https://github.com/reactphp/stream/tree/v0.2.3"},"time":"2012-11-05T13:25:35+00:00"},{"version":"v0.2.2","version_normalized":"0.2.2.0","source":{"url":"https://github.com/reactphp/stream.git","type":"git","reference":"f79b9ad40fa31e2a725783f29e8de93604279429"},"dist":{"url":"https://api.github.com/repos/reactphp/stream/zipball/f79b9ad40fa31e2a725783f29e8de93604279429","type":"zip","shasum":"","reference":"f79b9ad40fa31e2a725783f29e8de93604279429"},"support":{"issues":"https://github.com/reactphp/stream/issues","source":"https://github.com/reactphp/stream/tree/v0.2.2"},"time":"2012-10-28T10:28:34+00:00","extra":{"branch-alias":[]}},{"version":"v0.2.1","version_normalized":"0.2.1.0","source":{"url":"https://github.com/reactphp/stream.git","type":"git","reference":"c34296328916510bf5b0e00a259a102a61d4f7c9"},"dist":{"url":"https://api.github.com/repos/reactphp/stream/zipball/c34296328916510bf5b0e00a259a102a61d4f7c9","type":"zip","shasum":"","reference":"c34296328916510bf5b0e00a259a102a61d4f7c9"},"support":{"issues":"https://github.com/reactphp/stream/issues","source":"https://github.com/reactphp/stream/tree/v0.2.1"},"time":"2012-10-13T20:12:04+00:00"},{"version":"v0.2.0","version_normalized":"0.2.0.0","source":{"url":"https://github.com/reactphp/stream.git","type":"git","reference":"efbc4d7e80e412aa38153c231ea8761b8366f545"},"dist":{"url":"https://api.github.com/repos/reactphp/stream/zipball/efbc4d7e80e412aa38153c231ea8761b8366f545","type":"zip","shasum":"","reference":"efbc4d7e80e412aa38153c231ea8761b8366f545"},"support":{"source":"https://github.com/reactphp/stream/tree/v0.2.0"},"time":"2012-09-10T12:57:41+00:00"},{"version":"v0.1.1","version_normalized":"0.1.1.0","source":{"url":"https://github.com/reactphp/stream.git","type":"git","reference":"27f8cdbff87af4f7144d077ea9ac5dbdc724fd78"},"dist":{"url":"https://api.github.com/repos/reactphp/stream/zipball/27f8cdbff87af4f7144d077ea9ac5dbdc724fd78","type":"zip","shasum":"","reference":"27f8cdbff87af4f7144d077ea9ac5dbdc724fd78"},"support":{"source":"https://github.com/reactphp/stream/tree/v0.1.1"},"time":"2012-07-12T23:08:01+00:00","require":{"php":">=5.3.2","evenement/evenement":"1.0.*"},"suggest":{"react/event-loop":"dev-master"}},{"version":"v0.1.0","version_normalized":"0.1.0.0","source":{"url":"https://github.com/reactphp/stream.git","type":"git","reference":"37e3c366fbf9bbacceb0a5c25e7c8eca18039748"},"dist":{"url":"https://api.github.com/repos/reactphp/stream/zipball/37e3c366fbf9bbacceb0a5c25e7c8eca18039748","type":"zip","shasum":"","reference":"37e3c366fbf9bbacceb0a5c25e7c8eca18039748"},"support":{"source":"https://github.com/reactphp/stream/tree/v0.1.0"},"time":"2012-07-11T15:43:22+00:00"}]},"security-advisories":[],"last-modified":"Tue, 11 Jun 2024 12:48:35 GMT"}