{"minified":"composer/2.0","packages":{"pestphp/pest-plugin":[{"name":"pestphp/pest-plugin","description":"The Pest plugin manager","keywords":["framework","php","testing","plugin","test","manager","unit","pest"],"homepage":"","version":"v3.0.0","version_normalized":"3.0.0.0","license":["MIT"],"authors":[],"source":{"url":"https://github.com/pestphp/pest-plugin.git","type":"git","reference":"e79b26c65bc11c41093b10150c1341cc5cdbea83"},"dist":{"url":"https://api.github.com/repos/pestphp/pest-plugin/zipball/e79b26c65bc11c41093b10150c1341cc5cdbea83","type":"zip","shasum":"","reference":"e79b26c65bc11c41093b10150c1341cc5cdbea83"},"type":"composer-plugin","support":{"source":"https://github.com/pestphp/pest-plugin/tree/v3.0.0"},"funding":[{"url":"https://www.paypal.com/cgi-bin/webscr?cmd=_s-xclick&hosted_button_id=66BYDWAT92N6L","type":"custom"},{"url":"https://github.com/nunomaduro","type":"github"},{"url":"https://www.patreon.com/nunomaduro","type":"patreon"}],"time":"2024-09-08T23:21:41+00:00","autoload":{"psr-4":{"Pest\\Plugin\\":"src/"}},"extra":{"class":"Pest\\Plugin\\Manager"},"require":{"php":"^8.2","composer-plugin-api":"^2.0.0","composer-runtime-api":"^2.2.2"},"require-dev":{"composer/composer":"^2.7.9","pestphp/pest-dev-tools":"^3.0.0","pestphp/pest":"^3.0.0"},"conflict":{"pestphp/pest":"<3.0.0"}},{"version":"v2.1.1","version_normalized":"2.1.1.0","source":{"url":"https://github.com/pestphp/pest-plugin.git","type":"git","reference":"e05d2859e08c2567ee38ce8b005d044e72648c0b"},"dist":{"url":"https://api.github.com/repos/pestphp/pest-plugin/zipball/e05d2859e08c2567ee38ce8b005d044e72648c0b","type":"zip","shasum":"","reference":"e05d2859e08c2567ee38ce8b005d044e72648c0b"},"support":{"source":"https://github.com/pestphp/pest-plugin/tree/v2.1.1"},"time":"2023-08-22T08:40:06+00:00","require":{"php":"^8.1","composer-plugin-api":"^2.0.0","composer-runtime-api":"^2.2.2"},"require-dev":{"composer/composer":"^2.5.8","pestphp/pest-dev-tools":"^2.16.0","pestphp/pest":"^2.16.0"},"conflict":{"pestphp/pest":"<2.2.3"}},{"version":"v2.1.0","version_normalized":"2.1.0.0","source":{"url":"https://github.com/pestphp/pest-plugin.git","type":"git","reference":"31f6ae71f20e79f4570a237bc7f084b902ab204a"},"dist":{"url":"https://api.github.com/repos/pestphp/pest-plugin/zipball/31f6ae71f20e79f4570a237bc7f084b902ab204a","type":"zip","shasum":"","reference":"31f6ae71f20e79f4570a237bc7f084b902ab204a"},"support":{"source":"https://github.com/pestphp/pest-plugin/tree/v2.1.0"},"time":"2023-08-21T23:50:19+00:00","require":{"php":"^8.1","composer-plugin-api":"^2.0.0"}},{"version":"v2.0.1","version_normalized":"2.0.1.0","source":{"url":"https://github.com/pestphp/pest-plugin.git","type":"git","reference":"e3a3da262b73bdcbf3fad4dc9846c3c4921f2147"},"dist":{"url":"https://api.github.com/repos/pestphp/pest-plugin/zipball/e3a3da262b73bdcbf3fad4dc9846c3c4921f2147","type":"zip","shasum":"","reference":"e3a3da262b73bdcbf3fad4dc9846c3c4921f2147"},"support":{"source":"https://github.com/pestphp/pest-plugin/tree/v2.0.1"},"time":"2023-03-24T11:21:05+00:00","require-dev":{"composer/composer":"^2.5.5","pestphp/pest-dev-tools":"^2.5.0","pestphp/pest":"^2.2.3"}},{"version":"v2.0.0","version_normalized":"2.0.0.0","source":{"url":"https://github.com/pestphp/pest-plugin.git","type":"git","reference":"e46455b40f620f5d29e1b0bdbc41ae8b7506d4fd"},"dist":{"url":"https://api.github.com/repos/pestphp/pest-plugin/zipball/e46455b40f620f5d29e1b0bdbc41ae8b7506d4fd","type":"zip","shasum":"","reference":"e46455b40f620f5d29e1b0bdbc41ae8b7506d4fd"},"support":{"source":"https://github.com/pestphp/pest-plugin/tree/v2.0.0"},"time":"2023-03-20T10:01:55+00:00","require-dev":{"composer/composer":"^2.5.4","pestphp/pest-dev-tools":"^2.5.0","pestphp/pest":"^2.0.0"},"conflict":{"pestphp/pest":"<2.0"}},{"version":"v1.1.0","version_normalized":"1.1.0.0","source":{"url":"https://github.com/pestphp/pest-plugin.git","type":"git","reference":"606c5f79c6a339b49838ffbee0151ca519efe378"},"dist":{"url":"https://api.github.com/repos/pestphp/pest-plugin/zipball/606c5f79c6a339b49838ffbee0151ca519efe378","type":"zip","shasum":"","reference":"606c5f79c6a339b49838ffbee0151ca519efe378"},"support":{"source":"https://github.com/pestphp/pest-plugin/tree/v1.1.0"},"time":"2022-09-18T13:18:17+00:00","extra":{"branch-alias":{"dev-master":"1.x-dev"},"class":"Pest\\Plugin\\Manager"},"require":{"php":"^7.3 || ^8.0","composer-plugin-api":"^1.1.0 || ^2.0.0"},"require-dev":{"composer/composer":"^2.4.2","pestphp/pest-dev-tools":"^1.0.0","pestphp/pest":"^1.22.1"},"conflict":{"pestphp/pest":"<1.0"}},{"version":"v1.0.0","version_normalized":"1.0.0.0","source":{"url":"https://github.com/pestphp/pest-plugin.git","type":"git","reference":"fc8519de148699fe612d9c669be60554cd2db4fa"},"dist":{"url":"https://api.github.com/repos/pestphp/pest-plugin/zipball/fc8519de148699fe612d9c669be60554cd2db4fa","type":"zip","shasum":"","reference":"fc8519de148699fe612d9c669be60554cd2db4fa"},"support":{"source":"https://github.com/pestphp/pest-plugin/tree/v1.0.0"},"time":"2021-01-03T15:53:42+00:00","require":{"php":"^7.3 || ^8.0","composer-plugin-api":"^1.1 || ^2.0"},"require-dev":{"composer/composer":"^1.10.19","pestphp/pest-dev-tools":"dev-master","pestphp/pest":"^1.0"}},{"version":"v0.3.0","version_normalized":"0.3.0.0","source":{"url":"https://github.com/pestphp/pest-plugin.git","type":"git","reference":"635f8c33a3eed910ac3cd5cb02a7163c5c70c033"},"dist":{"url":"https://api.github.com/repos/pestphp/pest-plugin/zipball/635f8c33a3eed910ac3cd5cb02a7163c5c70c033","type":"zip","shasum":"","reference":"635f8c33a3eed910ac3cd5cb02a7163c5c70c033"},"support":{"source":"https://github.com/pestphp/pest-plugin/tree/v0.3.0"},"time":"2020-08-25T20:53:40+00:00","extra":{"branch-alias":{"dev-master":"0.4.x-dev"},"class":"Pest\\Plugin\\Manager"},"require-dev":{"composer/composer":"^1.10","pestphp/pest-dev-tools":"dev-master","pestphp/pest":"^0.3"},"conflict":{"pestphp/pest":"<0.3"}},{"version":"v0.2.1","version_normalized":"0.2.1.0","source":{"url":"https://github.com/pestphp/pest-plugin.git","type":"git","reference":"99d21abb7b1a44aa26c2416ca729d2a989ee2850"},"dist":{"url":"https://api.github.com/repos/pestphp/pest-plugin/zipball/99d21abb7b1a44aa26c2416ca729d2a989ee2850","type":"zip","shasum":"","reference":"99d21abb7b1a44aa26c2416ca729d2a989ee2850"},"support":{"source":"https://github.com/pestphp/pest-plugin/tree/v0.2.1"},"time":"2020-06-16T18:07:24+00:00","extra":{"branch-alias":{"dev-master":"0.2.x-dev"},"class":"Pest\\Plugin\\Manager"},"require":{"php":"^7.3","composer-plugin-api":"^1.1||^2.0"},"require-dev":{"composer/composer":"^1.10","pestphp/pest-dev-tools":"dev-master","pestphp/pest":"^0.2"},"conflict":{"pestphp/pest":"<0.2"}},{"version":"v0.2.0","version_normalized":"0.2.0.0","source":{"url":"https://github.com/pestphp/pest-plugin.git","type":"git","reference":"d94b26546a367720536c56898200fdfa288da264"},"dist":{"url":"https://api.github.com/repos/pestphp/pest-plugin/zipball/d94b26546a367720536c56898200fdfa288da264","type":"zip","shasum":"","reference":"d94b26546a367720536c56898200fdfa288da264"},"support":{"source":"https://github.com/pestphp/pest-plugin/tree/master"},"time":"2020-06-14T14:36:58+00:00"}]},"security-advisories":[],"last-modified":"Sun, 08 Sep 2024 23:22:33 GMT"}