{"minified":"composer/2.0","packages":{"yosymfony/resource-watcher":[{"name":"yosymfony/resource-watcher","description":"A simple resource watcher using Symfony Finder","keywords":["symfony","finder","resources","watcher"],"homepage":"http://yosymfony.com","version":"v3.0.0","version_normalized":"3.0.0.0","license":["MIT"],"authors":[{"name":"Victor Puertas","email":"vpgugr@gmail.com"}],"source":{"url":"https://github.com/yosymfony/resource-watcher.git","type":"git","reference":"2f197cee0231c06db865d4ad2d8d7cd3faead2f8"},"dist":{"url":"https://api.github.com/repos/yosymfony/resource-watcher/zipball/2f197cee0231c06db865d4ad2d8d7cd3faead2f8","type":"zip","shasum":"","reference":"2f197cee0231c06db865d4ad2d8d7cd3faead2f8"},"type":"library","support":{"issues":"https://github.com/yosymfony/resource-watcher/issues","source":"https://github.com/yosymfony/resource-watcher/tree/master"},"funding":[],"time":"2020-06-10T14:58:36+00:00","autoload":{"psr-4":{"Yosymfony\\ResourceWatcher\\":"src/"}},"extra":{"branch-alias":{"dev-master":"3.0-dev"}},"require":{"php":">=5.6","symfony/finder":"^2.7|^3.0|^4.0|^5.0"},"require-dev":{"symfony/filesystem":"^2.7|^3.0|^4.0|^5.0","phpunit/phpunit":"^5.7"}},{"version":"v2.0.1","version_normalized":"2.0.1.0","source":{"url":"https://github.com/yosymfony/resource-watcher.git","type":"git","reference":"a8c34f704e6bd4f786c97f3c0ba65bd86cb2bd73"},"dist":{"url":"https://api.github.com/repos/yosymfony/resource-watcher/zipball/a8c34f704e6bd4f786c97f3c0ba65bd86cb2bd73","type":"zip","shasum":"","reference":"a8c34f704e6bd4f786c97f3c0ba65bd86cb2bd73"},"time":"2020-01-04T15:36:55+00:00","extra":{"branch-alias":{"dev-master":"2.0-dev"}},"funding":"__unset"},{"version":"v2.0.0","version_normalized":"2.0.0.0","source":{"url":"https://github.com/yosymfony/resource-watcher.git","type":"git","reference":"937ec60269f9d6e092357a9e1948f97a738dc0dc"},"dist":{"url":"https://api.github.com/repos/yosymfony/resource-watcher/zipball/937ec60269f9d6e092357a9e1948f97a738dc0dc","type":"zip","shasum":"","reference":"937ec60269f9d6e092357a9e1948f97a738dc0dc"},"time":"2018-05-12T22:34:25+00:00","require":{"php":">=5.6","symfony/finder":"^2.7|^3.0|^4.0"},"require-dev":{"symfony/filesystem":"^2.7|^3.0|^4.0","phpunit/phpunit":"^5.7"}},{"version":"v1.3.0","version_normalized":"1.3.0.0","source":{"url":"https://github.com/yosymfony/resource-watcher.git","type":"git","reference":"8a8c8c21515eaec0b3f8fc2b5aa15c6f8bd8ca98"},"dist":{"url":"https://api.github.com/repos/yosymfony/resource-watcher/zipball/8a8c8c21515eaec0b3f8fc2b5aa15c6f8bd8ca98","type":"zip","shasum":"","reference":"8a8c8c21515eaec0b3f8fc2b5aa15c6f8bd8ca98"},"time":"2018-02-18T08:28:25+00:00","extra":{"branch-alias":{"dev-master":"1.2-dev"}},"require":{"php":">=5.5","symfony/finder":"^2.7|^3.0|^4.0"},"require-dev":{"symfony/filesystem":"^2.7|^3.0|^4.0","phpunit/phpunit":"^4.0"}},{"version":"v1.2.0","version_normalized":"1.2.0.0","source":{"url":"https://github.com/yosymfony/Resource-watcher.git","type":"git","reference":"c20a2cf2b90579d9804ec63dc3991ebe140f0d18"},"dist":{"url":"https://api.github.com/repos/yosymfony/Resource-watcher/zipball/c20a2cf2b90579d9804ec63dc3991ebe140f0d18","type":"zip","shasum":"","reference":"c20a2cf2b90579d9804ec63dc3991ebe140f0d18"},"support":{"issues":"https://github.com/yosymfony/Resource-watcher/issues","source":"https://github.com/yosymfony/Resource-watcher/tree/master"},"time":"2017-01-14T17:56:57+00:00","require":{"php":">=5.5.5","symfony/finder":"^2.7|^3.0"},"require-dev":{"symfony/filesystem":"^2.7|^3.0"}},{"version":"v1.1.0","version_normalized":"1.1.0.0","source":{"url":"https://github.com/yosymfony/Resource-watcher.git","type":"git","reference":"c20006a4e3f3aebaaf34397cd2241ec547d889b2"},"dist":{"url":"https://api.github.com/repos/yosymfony/Resource-watcher/zipball/c20006a4e3f3aebaaf34397cd2241ec547d889b2","type":"zip","shasum":"","reference":"c20006a4e3f3aebaaf34397cd2241ec547d889b2"},"time":"2015-07-23T17:19:45+00:00","extra":{"branch-alias":{"dev-master":"1.1-dev"}},"require":{"php":">=5.4.0","symfony/finder":"2.7.*"},"require-dev":{"symfony/filesystem":"2.7.*"}},{"version":"v1.0.0","version_normalized":"1.0.0.0","source":{"url":"https://github.com/yosymfony/Resource-watcher.git","type":"git","reference":"b5a05aad24d6e6d40f4bc6e1dbe31e5dc529534e"},"dist":{"url":"https://api.github.com/repos/yosymfony/Resource-watcher/zipball/b5a05aad24d6e6d40f4bc6e1dbe31e5dc529534e","type":"zip","shasum":"","reference":"b5a05aad24d6e6d40f4bc6e1dbe31e5dc529534e"},"support":{"issues":"https://github.com/yosymfony/Resource-watcher/issues","source":"https://github.com/yosymfony/Resource-watcher/tree/v1.0.0"},"time":"2015-01-07T19:59:44+00:00","extra":{"branch-alias":{"dev-master":"1.0-dev"}},"require":{"php":">=5.4.0","symfony/finder":"2.6.*@dev"},"require-dev":{"symfony/filesystem":"2.6.*@dev"}}]},"security-advisories":[],"last-modified":"Thu, 11 Apr 2024 18:37:40 GMT"}