{"minified":"composer/2.0","packages":{"react/promise-timer":[{"name":"react/promise-timer","description":"A trivial implementation of timeouts for Promises, built on top of ReactPHP.","keywords":["event-loop","async","timer","timeout","promise","reactphp"],"homepage":"https://github.com/reactphp/promise-timer","version":"v1.11.0","version_normalized":"1.11.0.0","license":["MIT"],"authors":[{"name":"Christian Lück","email":"christian@clue.engineering","homepage":"https://clue.engineering/"},{"name":"Cees-Jan Kiewiet","email":"reactphp@ceesjankiewiet.nl","homepage":"https://wyrihaximus.net/"},{"name":"Jan Sorgalla","email":"jsorgalla@gmail.com","homepage":"https://sorgalla.com/"},{"name":"Chris Boden","email":"cboden@gmail.com","homepage":"https://cboden.dev/"}],"source":{"url":"https://github.com/reactphp/promise-timer.git","type":"git","reference":"4f70306ed66b8b44768941ca7f142092600fafc1"},"dist":{"url":"https://api.github.com/repos/reactphp/promise-timer/zipball/4f70306ed66b8b44768941ca7f142092600fafc1","type":"zip","shasum":"","reference":"4f70306ed66b8b44768941ca7f142092600fafc1"},"type":"library","support":{"issues":"https://github.com/reactphp/promise-timer/issues","source":"https://github.com/reactphp/promise-timer/tree/v1.11.0"},"funding":[{"url":"https://opencollective.com/reactphp","type":"open_collective"}],"time":"2024-06-04T14:27:45+00:00","autoload":{"files":["src/functions_include.php"],"psr-4":{"React\\Promise\\Timer\\":"src/"}},"require":{"php":">=5.3","react/event-loop":"^1.2","react/promise":"^3.2 || ^2.7.0 || ^1.2.1"},"require-dev":{"phpunit/phpunit":"^9.6 || ^5.7 || ^4.8.36"}},{"version":"v1.10.0","version_normalized":"1.10.0.0","source":{"url":"https://github.com/reactphp/promise-timer.git","type":"git","reference":"4cb85c1c2125390748e3908120bb82feb99fe766"},"dist":{"url":"https://api.github.com/repos/reactphp/promise-timer/zipball/4cb85c1c2125390748e3908120bb82feb99fe766","type":"zip","shasum":"","reference":"4cb85c1c2125390748e3908120bb82feb99fe766"},"support":{"issues":"https://github.com/reactphp/promise-timer/issues","source":"https://github.com/reactphp/promise-timer/tree/v1.10.0"},"time":"2023-07-20T15:40:28+00:00","require":{"php":">=5.3","react/event-loop":"^1.2","react/promise":"^3.0 || ^2.7.0 || ^1.2.1"},"require-dev":{"phpunit/phpunit":"^9.5 || ^5.7 || ^4.8.35"}},{"version":"v1.9.0","version_normalized":"1.9.0.0","source":{"url":"https://github.com/reactphp/promise-timer.git","type":"git","reference":"aa7a73c74b8d8c0f622f5982ff7b0351bc29e495"},"dist":{"url":"https://api.github.com/repos/reactphp/promise-timer/zipball/aa7a73c74b8d8c0f622f5982ff7b0351bc29e495","type":"zip","shasum":"","reference":"aa7a73c74b8d8c0f622f5982ff7b0351bc29e495"},"support":{"issues":"https://github.com/reactphp/promise-timer/issues","source":"https://github.com/reactphp/promise-timer/tree/v1.9.0"},"funding":[{"url":"https://github.com/WyriHaximus","type":"github"},{"url":"https://github.com/clue","type":"github"}],"time":"2022-06-13T13:41:03+00:00","require-dev":{"phpunit/phpunit":"^9.3 || ^5.7 || ^4.8.35"}},{"version":"v1.8.0","version_normalized":"1.8.0.0","source":{"url":"https://github.com/reactphp/promise-timer.git","type":"git","reference":"0bbbcc79589e5bfdddba68a287f1cb805581a479"},"dist":{"url":"https://api.github.com/repos/reactphp/promise-timer/zipball/0bbbcc79589e5bfdddba68a287f1cb805581a479","type":"zip","shasum":"","reference":"0bbbcc79589e5bfdddba68a287f1cb805581a479"},"support":{"issues":"https://github.com/reactphp/promise-timer/issues","source":"https://github.com/reactphp/promise-timer/tree/v1.8.0"},"time":"2021-12-06T11:08:48+00:00"},{"version":"v1.7.0","version_normalized":"1.7.0.0","source":{"url":"https://github.com/reactphp/promise-timer.git","type":"git","reference":"607dd79990e32fcb402cb0a176b4a4be12f97e7c"},"dist":{"url":"https://api.github.com/repos/reactphp/promise-timer/zipball/607dd79990e32fcb402cb0a176b4a4be12f97e7c","type":"zip","shasum":"","reference":"607dd79990e32fcb402cb0a176b4a4be12f97e7c"},"support":{"issues":"https://github.com/reactphp/promise-timer/issues","source":"https://github.com/reactphp/promise-timer/tree/v1.7.0"},"time":"2021-07-11T13:08:51+00:00"},{"version":"v1.6.0","version_normalized":"1.6.0.0","authors":[{"name":"Christian Lück","email":"christian@lueck.tv"}],"source":{"url":"https://github.com/reactphp/promise-timer.git","type":"git","reference":"daee9baf6ef30c43ea4c86399f828bb5f558f6e6"},"dist":{"url":"https://api.github.com/repos/reactphp/promise-timer/zipball/daee9baf6ef30c43ea4c86399f828bb5f558f6e6","type":"zip","shasum":"","reference":"daee9baf6ef30c43ea4c86399f828bb5f558f6e6"},"support":{"issues":"https://github.com/reactphp/promise-timer/issues","source":"https://github.com/reactphp/promise-timer/tree/v1.6.0"},"funding":[],"time":"2020-07-10T12:18:06+00:00","require":{"php":">=5.3","react/event-loop":"^1.0 || ^0.5 || ^0.4 || ^0.3.5","react/promise":"^3.0 || ^2.7.0 || ^1.2.1"},"require-dev":{"phpunit/phpunit":"^9.0 || ^5.7 || ^4.8.35"}},{"version":"v1.5.1","version_normalized":"1.5.1.0","source":{"url":"https://github.com/reactphp/promise-timer.git","type":"git","reference":"35fb910604fd86b00023fc5cda477c8074ad0abc"},"dist":{"url":"https://api.github.com/repos/reactphp/promise-timer/zipball/35fb910604fd86b00023fc5cda477c8074ad0abc","type":"zip","shasum":"","reference":"35fb910604fd86b00023fc5cda477c8074ad0abc"},"support":{"issues":"https://github.com/reactphp/promise-timer/issues","source":"https://github.com/reactphp/promise-timer/tree/v1.5.1"},"time":"2019-03-27T18:10:32+00:00","require":{"php":">=5.3","react/event-loop":"^1.0 || ^0.5 || ^0.4 || ^0.3.5","react/promise":"^2.7.0 || ^1.2.1"},"require-dev":{"phpunit/phpunit":"^6.4 || ^5.7 || ^4.8.35"},"funding":"__unset"},{"version":"v1.5.0","version_normalized":"1.5.0.0","source":{"url":"https://github.com/reactphp/promise-timer.git","type":"git","reference":"a11206938ca2394dc7bb368f5da25cd4533fa603"},"dist":{"url":"https://api.github.com/repos/reactphp/promise-timer/zipball/a11206938ca2394dc7bb368f5da25cd4533fa603","type":"zip","shasum":"","reference":"a11206938ca2394dc7bb368f5da25cd4533fa603"},"support":{"issues":"https://github.com/reactphp/promise-timer/issues","source":"https://github.com/reactphp/promise-timer/tree/v1.5.0"},"time":"2018-06-13T16:45:37+00:00","autoload":{"files":["src/functions.php"],"psr-4":{"React\\Promise\\Timer\\":"src/"}}},{"homepage":"https://github.com/react/promise-timer","version":"v1.4.0","version_normalized":"1.4.0.0","source":{"url":"https://github.com/reactphp/promise-timer.git","type":"git","reference":"c21781145955892900efba366ec236eb66e3ee35"},"dist":{"url":"https://api.github.com/repos/reactphp/promise-timer/zipball/c21781145955892900efba366ec236eb66e3ee35","type":"zip","shasum":"","reference":"c21781145955892900efba366ec236eb66e3ee35"},"support":{"issues":"https://github.com/reactphp/promise-timer/issues","source":"https://github.com/reactphp/promise-timer/tree/v1.4.0"},"time":"2018-06-11T14:11:05+00:00","require":{"php":">=5.3","react/event-loop":"^1.0 || ^0.5 || ^0.4 || ^0.3.5","react/promise":"^2.6.0 || ^1.2.1"}},{"version":"v1.3.0","version_normalized":"1.3.0.0","source":{"url":"https://github.com/reactphp/promise-timer.git","type":"git","reference":"604513e33feb96ffb0dfb3d25233d3f9f0dce356"},"dist":{"url":"https://api.github.com/repos/reactphp/promise-timer/zipball/604513e33feb96ffb0dfb3d25233d3f9f0dce356","type":"zip","shasum":"","reference":"604513e33feb96ffb0dfb3d25233d3f9f0dce356"},"support":{"issues":"https://github.com/reactphp/promise-timer/issues","source":"https://github.com/reactphp/promise-timer/tree/v1.3.0"},"time":"2018-04-24T14:19:26+00:00","require":{"php":">=5.3","react/event-loop":"^1.0 || ^0.5 || ^0.4 || ^0.3.5","react/promise":"~2.1|~1.2"}},{"version":"v1.2.1","version_normalized":"1.2.1.0","source":{"url":"https://github.com/reactphp/promise-timer.git","type":"git","reference":"9b4cd9cbe7457e0d87fe8aa7ccceab8a2c830fbd"},"dist":{"url":"https://api.github.com/repos/reactphp/promise-timer/zipball/9b4cd9cbe7457e0d87fe8aa7ccceab8a2c830fbd","type":"zip","shasum":"","reference":"9b4cd9cbe7457e0d87fe8aa7ccceab8a2c830fbd"},"support":{"issues":"https://github.com/reactphp/promise-timer/issues","source":"https://github.com/reactphp/promise-timer/tree/v1.2.1"},"time":"2017-12-22T15:41:41+00:00"},{"description":"Trivial timeout implementation for Promises","version":"v1.2.0","version_normalized":"1.2.0.0","source":{"url":"https://github.com/reactphp/promise-timer.git","type":"git","reference":"3bc527fbd1201a193ab41c19b9a770d71a3514af"},"dist":{"url":"https://api.github.com/repos/reactphp/promise-timer/zipball/3bc527fbd1201a193ab41c19b9a770d71a3514af","type":"zip","shasum":"","reference":"3bc527fbd1201a193ab41c19b9a770d71a3514af"},"support":{"issues":"https://github.com/reactphp/promise-timer/issues","source":"https://github.com/reactphp/promise-timer/tree/v1.2.0"},"time":"2017-08-08T16:30:19+00:00","require-dev":{"phpunit/phpunit":"^5.0 || ^4.8"}},{"version":"v1.1.1","version_normalized":"1.1.1.0","source":{"url":"https://github.com/reactphp/promise-timer.git","type":"git","reference":"ddedc67bfd7f579fc83e66ff67e3564b179297dd"},"dist":{"url":"https://api.github.com/repos/reactphp/promise-timer/zipball/ddedc67bfd7f579fc83e66ff67e3564b179297dd","type":"zip","shasum":"","reference":"ddedc67bfd7f579fc83e66ff67e3564b179297dd"},"support":{"issues":"https://github.com/reactphp/promise-timer/issues","source":"https://github.com/reactphp/promise-timer/tree/v1.1.1"},"time":"2016-12-27T08:12:19+00:00","require":{"php":">=5.3","react/event-loop":"~0.4.0|~0.3.0","react/promise":"~2.1|~1.2"},"require-dev":"__unset"},{"version":"v1.1.0","version_normalized":"1.1.0.0","source":{"url":"https://github.com/reactphp/promise-timer.git","type":"git","reference":"6a46050d801688e08d1a550b97b1f3735505c62a"},"dist":{"url":"https://api.github.com/repos/reactphp/promise-timer/zipball/6a46050d801688e08d1a550b97b1f3735505c62a","type":"zip","shasum":"","reference":"6a46050d801688e08d1a550b97b1f3735505c62a"},"support":{"issues":"https://github.com/reactphp/promise-timer/issues","source":"https://github.com/reactphp/promise-timer/tree/v1.1.0"},"time":"2016-02-29T19:03:45+00:00"},{"version":"v1.0.0","version_normalized":"1.0.0.0","source":{"url":"https://github.com/reactphp/promise-timer.git","type":"git","reference":"a3b8c28c3bd5fb866790f338d64ccfbdee44d124"},"dist":{"url":"https://api.github.com/repos/reactphp/promise-timer/zipball/a3b8c28c3bd5fb866790f338d64ccfbdee44d124","type":"zip","shasum":"","reference":"a3b8c28c3bd5fb866790f338d64ccfbdee44d124"},"support":{"issues":"https://github.com/reactphp/promise-timer/issues","source":"https://github.com/reactphp/promise-timer/tree/v1.0.0"},"time":"2015-09-29T21:07:04+00:00","require":{"php":">=5.3","react/event-loop":"~0.4.0|~0.3.0","react/promise":"~2.0|~1.1"}}]},"security-advisories":[],"last-modified":"Tue, 04 Jun 2024 14:29:42 GMT"}