{"minified":"composer/2.0","packages":{"calebporzio/gitdown":[{"name":"calebporzio/gitdown","description":"A simple package to parse Github Flavored Markdown in PHP","keywords":["gitdown","calebporzio"],"homepage":"https://github.com/calebporzio/gitdown","version":"v1.3.2","version_normalized":"1.3.2.0","license":["MIT"],"authors":[{"name":"Caleb Porzio","email":"calebporzio@gmail.com"}],"source":{"url":"https://github.com/calebporzio/gitdown.git","type":"git","reference":"a5f7cd2dddec314360d1586f7d3e9c9401a474d4"},"dist":{"url":"https://api.github.com/repos/calebporzio/gitdown/zipball/a5f7cd2dddec314360d1586f7d3e9c9401a474d4","type":"zip","shasum":"","reference":"a5f7cd2dddec314360d1586f7d3e9c9401a474d4"},"type":"library","time":"2019-03-06T20:04:56+00:00","autoload":{"psr-4":{"GitDown\\":"src"}},"extra":{"laravel":{"providers":["GitDown\\GitDownServiceProvider"],"aliases":{"GitDown":"GitDown\\Facades\\GitDown"}}},"require":{"kitetail/zttp":"^0.4.0"},"require-dev":{"phpunit/phpunit":"^7.0"},"abandoned":true,"support":{"issues":"https://github.com/calebporzio/gitdown/issues","source":"https://github.com/calebporzio/gitdown/tree/master"}},{"version":"v1.3.1","version_normalized":"1.3.1.0","source":{"url":"https://github.com/calebporzio/gitdown.git","type":"git","reference":"e3f5a61a39b887e6195b1bcb06912c7533260b5b"},"dist":{"url":"https://api.github.com/repos/calebporzio/gitdown/zipball/e3f5a61a39b887e6195b1bcb06912c7533260b5b","type":"zip","shasum":"","reference":"e3f5a61a39b887e6195b1bcb06912c7533260b5b"},"time":"2019-03-06T17:22:59+00:00"},{"version":"v1.3","version_normalized":"1.3.0.0"},{"version":"v1.2.2","version_normalized":"1.2.2.0","source":{"url":"https://github.com/calebporzio/gitdown.git","type":"git","reference":"3238c7cec05fd6d9b874122deb6b8897386bdff9"},"dist":{"url":"https://api.github.com/repos/calebporzio/gitdown/zipball/3238c7cec05fd6d9b874122deb6b8897386bdff9","type":"zip","shasum":"","reference":"3238c7cec05fd6d9b874122deb6b8897386bdff9"},"time":"2019-03-06T17:10:14+00:00"},{"version":"v1.2.1","version_normalized":"1.2.1.0","source":{"url":"https://github.com/calebporzio/gitdown.git","type":"git","reference":"1ccd037426208f77c68eb98ba4edca61c95501ad"},"dist":{"url":"https://api.github.com/repos/calebporzio/gitdown/zipball/1ccd037426208f77c68eb98ba4edca61c95501ad","type":"zip","shasum":"","reference":"1ccd037426208f77c68eb98ba4edca61c95501ad"},"time":"2019-03-06T17:00:45+00:00"},{"version":"v1.2","version_normalized":"1.2.0.0","source":{"url":"https://github.com/calebporzio/gitdown.git","type":"git","reference":"02824ae1d8970dd9439b87378998d597080e94cf"},"dist":{"url":"https://api.github.com/repos/calebporzio/gitdown/zipball/02824ae1d8970dd9439b87378998d597080e94cf","type":"zip","shasum":"","reference":"02824ae1d8970dd9439b87378998d597080e94cf"},"time":"2019-03-06T07:11:52+00:00"},{"version":"v1.1","version_normalized":"1.1.0.0","source":{"url":"https://github.com/calebporzio/gitdown.git","type":"git","reference":"c4372d79bfbecb92e61e25fb34dc00358eee910e"},"dist":{"url":"https://api.github.com/repos/calebporzio/gitdown/zipball/c4372d79bfbecb92e61e25fb34dc00358eee910e","type":"zip","shasum":"","reference":"c4372d79bfbecb92e61e25fb34dc00358eee910e"},"time":"2019-03-06T03:36:39+00:00","autoload":{"psr-4":{"CalebPorzio\\":"src"}},"extra":{"laravel":{"providers":["CalebPorzio\\GitDownServiceProvider"]}},"require":"__unset"},{"version":"v1.0","version_normalized":"1.0.0.0","source":{"url":"https://github.com/calebporzio/gitdown.git","type":"git","reference":"65c862ed062f872752f843dba6824db2d8ed6c40"},"dist":{"url":"https://api.github.com/repos/calebporzio/gitdown/zipball/65c862ed062f872752f843dba6824db2d8ed6c40","type":"zip","shasum":"","reference":"65c862ed062f872752f843dba6824db2d8ed6c40"},"time":"2019-03-06T01:01:08+00:00","support":{"issues":"https://github.com/calebporzio/gitdown/issues","source":"https://github.com/calebporzio/gitdown/tree/v1.0"},"extra":"__unset"}]},"security-advisories":[],"last-modified":"Tue, 06 Feb 2024 03:54:38 GMT"}