{"minified":"composer/2.0","packages":{"react/socket":[{"name":"react/socket","description":"Async, streaming plaintext TCP/IP and secure TLS socket server and client connections for ReactPHP","keywords":["stream","Socket","async","Connection","reactphp"],"homepage":"","version":"v1.16.0","version_normalized":"1.16.0.0","license":["MIT"],"authors":[{"name":"Christian Lück","email":"christian@clue.engineering","homepage":"https://clue.engineering/"},{"name":"Cees-Jan Kiewiet","email":"reactphp@ceesjankiewiet.nl","homepage":"https://wyrihaximus.net/"},{"name":"Jan Sorgalla","email":"jsorgalla@gmail.com","homepage":"https://sorgalla.com/"},{"name":"Chris Boden","email":"cboden@gmail.com","homepage":"https://cboden.dev/"}],"source":{"url":"https://github.com/reactphp/socket.git","type":"git","reference":"23e4ff33ea3e160d2d1f59a0e6050e4b0fb0eac1"},"dist":{"url":"https://api.github.com/repos/reactphp/socket/zipball/23e4ff33ea3e160d2d1f59a0e6050e4b0fb0eac1","type":"zip","shasum":"","reference":"23e4ff33ea3e160d2d1f59a0e6050e4b0fb0eac1"},"type":"library","support":{"issues":"https://github.com/reactphp/socket/issues","source":"https://github.com/reactphp/socket/tree/v1.16.0"},"funding":[{"url":"https://opencollective.com/reactphp","type":"open_collective"}],"time":"2024-07-26T10:38:09+00:00","autoload":{"psr-4":{"React\\Socket\\":"src/"}},"require":{"php":">=5.3.0","evenement/evenement":"^3.0 || ^2.0 || ^1.0","react/dns":"^1.13","react/event-loop":"^1.2","react/promise":"^3.2 || ^2.6 || ^1.2.1","react/stream":"^1.4"},"require-dev":{"phpunit/phpunit":"^9.6 || ^5.7 || ^4.8.36","react/async":"^4.3 || ^3.3 || ^2","react/promise-stream":"^1.4","react/promise-timer":"^1.11"}},{"version":"v1.15.0","version_normalized":"1.15.0.0","source":{"url":"https://github.com/reactphp/socket.git","type":"git","reference":"216d3aec0b87f04a40ca04f481e6af01bdd1d038"},"dist":{"url":"https://api.github.com/repos/reactphp/socket/zipball/216d3aec0b87f04a40ca04f481e6af01bdd1d038","type":"zip","shasum":"","reference":"216d3aec0b87f04a40ca04f481e6af01bdd1d038"},"support":{"issues":"https://github.com/reactphp/socket/issues","source":"https://github.com/reactphp/socket/tree/v1.15.0"},"time":"2023-12-15T11:02:10+00:00","require":{"php":">=5.3.0","evenement/evenement":"^3.0 || ^2.0 || ^1.0","react/dns":"^1.11","react/event-loop":"^1.2","react/promise":"^3 || ^2.6 || ^1.2.1","react/stream":"^1.2"},"require-dev":{"phpunit/phpunit":"^9.6 || ^5.7 || ^4.8.36","react/async":"^4 || ^3 || ^2","react/promise-stream":"^1.4","react/promise-timer":"^1.10"}},{"version":"v1.14.0","version_normalized":"1.14.0.0","source":{"url":"https://github.com/reactphp/socket.git","type":"git","reference":"21591111d3ea62e31f2254280ca0656bc2b1bda6"},"dist":{"url":"https://api.github.com/repos/reactphp/socket/zipball/21591111d3ea62e31f2254280ca0656bc2b1bda6","type":"zip","shasum":"","reference":"21591111d3ea62e31f2254280ca0656bc2b1bda6"},"support":{"issues":"https://github.com/reactphp/socket/issues","source":"https://github.com/reactphp/socket/tree/v1.14.0"},"time":"2023-08-25T13:48:09+00:00","autoload":{"psr-4":{"React\\Socket\\":"src"}},"require-dev":{"phpunit/phpunit":"^9.5 || ^5.7 || ^4.8.35","react/async":"^4 || ^3 || ^2","react/promise-stream":"^1.4","react/promise-timer":"^1.10"}},{"version":"v1.13.0","version_normalized":"1.13.0.0","source":{"url":"https://github.com/reactphp/socket.git","type":"git","reference":"cff482bbad5848ecbe8b57da57e4e213b03619aa"},"dist":{"url":"https://api.github.com/repos/reactphp/socket/zipball/cff482bbad5848ecbe8b57da57e4e213b03619aa","type":"zip","shasum":"","reference":"cff482bbad5848ecbe8b57da57e4e213b03619aa"},"support":{"issues":"https://github.com/reactphp/socket/issues","source":"https://github.com/reactphp/socket/tree/v1.13.0"},"time":"2023-06-07T10:28:34+00:00","require-dev":{"phpunit/phpunit":"^9.5 || ^5.7 || ^4.8.35","react/async":"^4 || ^3 || ^2","react/promise-stream":"^1.4","react/promise-timer":"^1.9"}},{"version":"v1.12.0","version_normalized":"1.12.0.0","source":{"url":"https://github.com/reactphp/socket.git","type":"git","reference":"81e1b4d7f5450ebd8d2e9a95bb008bb15ca95a7b"},"dist":{"url":"https://api.github.com/repos/reactphp/socket/zipball/81e1b4d7f5450ebd8d2e9a95bb008bb15ca95a7b","type":"zip","shasum":"","reference":"81e1b4d7f5450ebd8d2e9a95bb008bb15ca95a7b"},"support":{"issues":"https://github.com/reactphp/socket/issues","source":"https://github.com/reactphp/socket/tree/v1.12.0"},"funding":[{"url":"https://github.com/WyriHaximus","type":"github"},{"url":"https://github.com/clue","type":"github"}],"time":"2022-08-25T12:32:25+00:00","require":{"php":">=5.3.0","evenement/evenement":"^3.0 || ^2.0 || ^1.0","react/dns":"^1.8","react/event-loop":"^1.2","react/promise":"^3 || ^2.6 || ^1.2.1","react/promise-timer":"^1.9","react/stream":"^1.2"},"require-dev":{"phpunit/phpunit":"^9.3 || ^5.7 || ^4.8.35","react/async":"^4 || ^3 || ^2","react/promise-stream":"^1.4"}},{"version":"v1.11.0","version_normalized":"1.11.0.0","source":{"url":"https://github.com/reactphp/socket.git","type":"git","reference":"f474156aaab4f09041144fa8b57c7d70aed32a1c"},"dist":{"url":"https://api.github.com/repos/reactphp/socket/zipball/f474156aaab4f09041144fa8b57c7d70aed32a1c","type":"zip","shasum":"","reference":"f474156aaab4f09041144fa8b57c7d70aed32a1c"},"support":{"issues":"https://github.com/reactphp/socket/issues","source":"https://github.com/reactphp/socket/tree/v1.11.0"},"time":"2022-01-14T10:14:32+00:00","require":{"php":">=5.3.0","evenement/evenement":"^3.0 || ^2.0 || ^1.0","react/dns":"^1.8","react/event-loop":"^1.2","react/promise":"^2.6.0 || ^1.2.1","react/promise-timer":"^1.8","react/stream":"^1.2"},"require-dev":{"clue/block-react":"^1.5","phpunit/phpunit":"^9.3 || ^5.7 || ^4.8.35","react/promise-stream":"^1.2"}},{"version":"v1.10.0","version_normalized":"1.10.0.0","source":{"url":"https://github.com/reactphp/socket.git","type":"git","reference":"d132fde589ea97f4165f2d94b5296499eac125ec"},"dist":{"url":"https://api.github.com/repos/reactphp/socket/zipball/d132fde589ea97f4165f2d94b5296499eac125ec","type":"zip","shasum":"","reference":"d132fde589ea97f4165f2d94b5296499eac125ec"},"support":{"issues":"https://github.com/reactphp/socket/issues","source":"https://github.com/reactphp/socket/tree/v1.10.0"},"time":"2021-11-29T10:08:24+00:00","require":{"php":">=5.3.0","evenement/evenement":"^3.0 || ^2.0 || ^1.0","react/dns":"^1.8","react/event-loop":"^1.2","react/promise":"^2.6.0 || ^1.2.1","react/promise-timer":"^1.4.0","react/stream":"^1.2"},"require-dev":{"clue/block-react":"^1.2","phpunit/phpunit":"^9.3 || ^5.7 || ^4.8.35","react/promise-stream":"^1.2"}},{"version":"v1.9.0","version_normalized":"1.9.0.0","source":{"url":"https://github.com/reactphp/socket.git","type":"git","reference":"aa6e3f8ebcd6dec3ad1ee92a449b4cc341994001"},"dist":{"url":"https://api.github.com/repos/reactphp/socket/zipball/aa6e3f8ebcd6dec3ad1ee92a449b4cc341994001","type":"zip","shasum":"","reference":"aa6e3f8ebcd6dec3ad1ee92a449b4cc341994001"},"support":{"issues":"https://github.com/reactphp/socket/issues","source":"https://github.com/reactphp/socket/tree/v1.9.0"},"time":"2021-08-03T12:37:06+00:00"},{"version":"v1.8.0","version_normalized":"1.8.0.0","source":{"url":"https://github.com/reactphp/socket.git","type":"git","reference":"92fb72d8e58fff94da84ea86ebda26788ddd672f"},"dist":{"url":"https://api.github.com/repos/reactphp/socket/zipball/92fb72d8e58fff94da84ea86ebda26788ddd672f","type":"zip","shasum":"","reference":"92fb72d8e58fff94da84ea86ebda26788ddd672f"},"support":{"issues":"https://github.com/reactphp/socket/issues","source":"https://github.com/reactphp/socket/tree/v1.8.0"},"time":"2021-07-11T12:50:07+00:00"},{"version":"v1.7.0","version_normalized":"1.7.0.0","source":{"url":"https://github.com/reactphp/socket.git","type":"git","reference":"5d39e3fa56ea7cc443c86f2788a40867cdba1659"},"dist":{"url":"https://api.github.com/repos/reactphp/socket/zipball/5d39e3fa56ea7cc443c86f2788a40867cdba1659","type":"zip","shasum":"","reference":"5d39e3fa56ea7cc443c86f2788a40867cdba1659"},"support":{"issues":"https://github.com/reactphp/socket/issues","source":"https://github.com/reactphp/socket/tree/v1.7.0"},"time":"2021-06-25T11:05:10+00:00","require":{"php":">=5.3.0","evenement/evenement":"^3.0 || ^2.0 || ^1.0","react/dns":"^1.7","react/event-loop":"^1.0 || ^0.5","react/promise":"^2.6.0 || ^1.2.1","react/promise-timer":"^1.4.0","react/stream":"^1.1"}},{"version":"v1.6.0","version_normalized":"1.6.0.0","source":{"url":"https://github.com/reactphp/socket.git","type":"git","reference":"e2b96b23a13ca9b41ab343268dbce3f8ef4d524a"},"dist":{"url":"https://api.github.com/repos/reactphp/socket/zipball/e2b96b23a13ca9b41ab343268dbce3f8ef4d524a","type":"zip","shasum":"","reference":"e2b96b23a13ca9b41ab343268dbce3f8ef4d524a"},"support":{"issues":"https://github.com/reactphp/socket/issues","source":"https://github.com/reactphp/socket/tree/v1.6.0"},"time":"2020-08-28T12:49:05+00:00","require":{"php":">=5.3.0","evenement/evenement":"^3.0 || ^2.0 || ^1.0","react/dns":"^1.1","react/event-loop":"^1.0 || ^0.5","react/promise":"^2.6.0 || ^1.2.1","react/promise-timer":"^1.4.0","react/stream":"^1.1"}},{"version":"v1.5.0","version_normalized":"1.5.0.0","authors":[],"source":{"url":"https://github.com/reactphp/socket.git","type":"git","reference":"842dcd71df86671ee9491734035b3d2cf4a80ece"},"dist":{"url":"https://api.github.com/repos/reactphp/socket/zipball/842dcd71df86671ee9491734035b3d2cf4a80ece","type":"zip","shasum":"","reference":"842dcd71df86671ee9491734035b3d2cf4a80ece"},"support":{"issues":"https://github.com/reactphp/socket/issues","source":"https://github.com/reactphp/socket/tree/v1.5.0"},"funding":[],"time":"2020-07-01T12:50:00+00:00","require-dev":{"clue/block-react":"^1.2","phpunit/phpunit":"^9.0 || ^5.7 || ^4.8.35","react/promise-stream":"^1.2"}},{"version":"v1.4.0","version_normalized":"1.4.0.0","source":{"url":"https://github.com/reactphp/socket.git","type":"git","reference":"97522e24987365e1ed873f0f4884900747a668e0"},"dist":{"url":"https://api.github.com/repos/reactphp/socket/zipball/97522e24987365e1ed873f0f4884900747a668e0","type":"zip","shasum":"","reference":"97522e24987365e1ed873f0f4884900747a668e0"},"support":{"issues":"https://github.com/reactphp/socket/issues","source":"https://github.com/reactphp/socket/tree/v1.4.0"},"time":"2020-03-12T12:15:14+00:00","require-dev":{"clue/block-react":"^1.2","phpunit/phpunit":"^7.5 || ^6.4 || ^5.7 || ^4.8.35","react/promise-stream":"^1.2"}},{"version":"v1.3.0","version_normalized":"1.3.0.0","source":{"url":"https://github.com/reactphp/socket.git","type":"git","reference":"10f0629ec83ea0fa22597f348623f554227e3ca0"},"dist":{"url":"https://api.github.com/repos/reactphp/socket/zipball/10f0629ec83ea0fa22597f348623f554227e3ca0","type":"zip","shasum":"","reference":"10f0629ec83ea0fa22597f348623f554227e3ca0"},"support":{"issues":"https://github.com/reactphp/socket/issues","source":"https://github.com/reactphp/socket/tree/v1.3.0"},"time":"2019-07-10T10:11:14+00:00","require":{"php":">=5.3.0","evenement/evenement":"^3.0 || ^2.0 || ^1.0","react/dns":"^1.0 || ^0.4.13","react/event-loop":"^1.0 || ^0.5 || ^0.4 || ^0.3.5","react/promise":"^2.6.0 || ^1.2.1","react/promise-timer":"^1.4.0","react/stream":"^1.1"},"require-dev":{"clue/block-react":"^1.2","phpunit/phpunit":"^6.4 || ^5.7 || ^4.8.35"},"funding":"__unset"},{"version":"v1.2.1","version_normalized":"1.2.1.0","source":{"url":"https://github.com/reactphp/socket.git","type":"git","reference":"4d49bd3d6ca0257ada8645dd0f8a2f1885e290b3"},"dist":{"url":"https://api.github.com/repos/reactphp/socket/zipball/4d49bd3d6ca0257ada8645dd0f8a2f1885e290b3","type":"zip","shasum":"","reference":"4d49bd3d6ca0257ada8645dd0f8a2f1885e290b3"},"support":{"issues":"https://github.com/reactphp/socket/issues","source":"https://github.com/reactphp/socket/tree/v1.2.1"},"time":"2019-06-03T09:04:16+00:00","require":{"php":">=5.3.0","evenement/evenement":"^3.0 || ^2.0 || ^1.0","react/dns":"^0.4.13","react/event-loop":"^1.0 || ^0.5 || ^0.4 || ^0.3.5","react/stream":"^1.1","react/promise":"^2.6.0 || ^1.2.1","react/promise-timer":"^1.4.0"}},{"version":"v1.2.0","version_normalized":"1.2.0.0","source":{"url":"https://github.com/reactphp/socket.git","type":"git","reference":"23b7372bb25cea934f6124f5bdac34e30161959e"},"dist":{"url":"https://api.github.com/repos/reactphp/socket/zipball/23b7372bb25cea934f6124f5bdac34e30161959e","type":"zip","shasum":"","reference":"23b7372bb25cea934f6124f5bdac34e30161959e"},"support":{"issues":"https://github.com/reactphp/socket/issues","source":"https://github.com/reactphp/socket/tree/v1.2.0"},"time":"2019-01-07T14:10:13+00:00"},{"version":"v1.1.0","version_normalized":"1.1.0.0","source":{"url":"https://github.com/reactphp/socket.git","type":"git","reference":"34381d9282d12670eb56b45981aad82e033ed58f"},"dist":{"url":"https://api.github.com/repos/reactphp/socket/zipball/34381d9282d12670eb56b45981aad82e033ed58f","type":"zip","shasum":"","reference":"34381d9282d12670eb56b45981aad82e033ed58f"},"support":{"issues":"https://github.com/reactphp/socket/issues","source":"https://github.com/reactphp/socket/tree/v1.1.0"},"time":"2018-10-01T12:20:53+00:00","require":{"php":">=5.3.0","evenement/evenement":"^3.0 || ^2.0 || ^1.0","react/dns":"^0.4.13","react/event-loop":"^1.0 || ^0.5 || ^0.4 || ^0.3.5","react/stream":"^1.0 || ^0.7.1","react/promise":"^2.6.0 || ^1.2.1","react/promise-timer":"^1.4.0"}},{"version":"v1.0.0","version_normalized":"1.0.0.0","source":{"url":"https://github.com/reactphp/socket.git","type":"git","reference":"476e2644a634c6301b8111e6d22a61679e6e6bd0"},"dist":{"url":"https://api.github.com/repos/reactphp/socket/zipball/476e2644a634c6301b8111e6d22a61679e6e6bd0","type":"zip","shasum":"","reference":"476e2644a634c6301b8111e6d22a61679e6e6bd0"},"support":{"issues":"https://github.com/reactphp/socket/issues","source":"https://github.com/reactphp/socket/tree/v1.0.0"},"time":"2018-07-11T14:38:22+00:00"},{"version":"v0.8.12","version_normalized":"0.8.12.0","source":{"url":"https://github.com/reactphp/socket.git","type":"git","reference":"7f7e6c56ccda7418a1a264892a625f38a5bdee0c"},"dist":{"url":"https://api.github.com/repos/reactphp/socket/zipball/7f7e6c56ccda7418a1a264892a625f38a5bdee0c","type":"zip","shasum":"","reference":"7f7e6c56ccda7418a1a264892a625f38a5bdee0c"},"support":{"issues":"https://github.com/reactphp/socket/issues","source":"https://github.com/reactphp/socket/tree/v0.8.12"},"time":"2018-06-11T14:33:43+00:00"},{"version":"v0.8.11","version_normalized":"0.8.11.0","source":{"url":"https://github.com/reactphp/socket.git","type":"git","reference":"94e98bb4def7054454784b330e44f73b7f6c160f"},"dist":{"url":"https://api.github.com/repos/reactphp/socket/zipball/94e98bb4def7054454784b330e44f73b7f6c160f","type":"zip","shasum":"","reference":"94e98bb4def7054454784b330e44f73b7f6c160f"},"support":{"issues":"https://github.com/reactphp/socket/issues","source":"https://github.com/reactphp/socket/tree/v0.8.11"},"time":"2018-04-24T14:07:53+00:00","require":{"php":">=5.3.0","evenement/evenement":"^3.0 || ^2.0 || ^1.0","react/dns":"^0.4.13","react/event-loop":"^1.0 || ^0.5 || ^0.4 || ^0.3.5","react/stream":"^1.0 || ^0.7.1","react/promise":"^2.1 || ^1.2","react/promise-timer":"~1.0"}},{"version":"v0.8.10","version_normalized":"0.8.10.0","source":{"url":"https://github.com/reactphp/socket.git","type":"git","reference":"d3957313c92b539537fccc80170c05a27ec25796"},"dist":{"url":"https://api.github.com/repos/reactphp/socket/zipball/d3957313c92b539537fccc80170c05a27ec25796","type":"zip","shasum":"","reference":"d3957313c92b539537fccc80170c05a27ec25796"},"support":{"issues":"https://github.com/reactphp/socket/issues","source":"https://github.com/reactphp/socket/tree/v0.8.10"},"time":"2018-02-28T09:32:38+00:00"},{"version":"v0.8.9","version_normalized":"0.8.9.0","source":{"url":"https://github.com/reactphp/socket.git","type":"git","reference":"9db38c58cbb1343bbe6523d1b930a40d0e110839"},"dist":{"url":"https://api.github.com/repos/reactphp/socket/zipball/9db38c58cbb1343bbe6523d1b930a40d0e110839","type":"zip","shasum":"","reference":"9db38c58cbb1343bbe6523d1b930a40d0e110839"},"support":{"issues":"https://github.com/reactphp/socket/issues","source":"https://github.com/reactphp/socket/tree/v0.8.9"},"time":"2018-01-18T11:29:21+00:00","require":{"php":">=5.3.0","evenement/evenement":"^3.0 || ^2.0 || ^1.0","react/dns":"^0.4.11","react/event-loop":"^1.0 || ^0.5 || ^0.4 || ^0.3.5","react/stream":"^1.0 || ^0.7.1","react/promise":"^2.1 || ^1.2","react/promise-timer":"~1.0"}},{"version":"v0.8.8","version_normalized":"0.8.8.0","source":{"url":"https://github.com/reactphp/socket.git","type":"git","reference":"e9e206b6277023bf4afd910a764f0cd3d470e7ed"},"dist":{"url":"https://api.github.com/repos/reactphp/socket/zipball/e9e206b6277023bf4afd910a764f0cd3d470e7ed","type":"zip","shasum":"","reference":"e9e206b6277023bf4afd910a764f0cd3d470e7ed"},"support":{"issues":"https://github.com/reactphp/socket/issues","source":"https://github.com/reactphp/socket/tree/v0.8.8"},"time":"2018-01-06T12:13:20+00:00"},{"version":"v0.8.7","version_normalized":"0.8.7.0","source":{"url":"https://github.com/reactphp/socket.git","type":"git","reference":"49bca29df739f4e288ba2abfed9cac93de1bfff6"},"dist":{"url":"https://api.github.com/repos/reactphp/socket/zipball/49bca29df739f4e288ba2abfed9cac93de1bfff6","type":"zip","shasum":"","reference":"49bca29df739f4e288ba2abfed9cac93de1bfff6"},"support":{"issues":"https://github.com/reactphp/socket/issues","source":"https://github.com/reactphp/socket/tree/v0.8.7"},"time":"2017-12-24T11:28:59+00:00"},{"version":"v0.8.6","version_normalized":"0.8.6.0","source":{"url":"https://github.com/reactphp/socket.git","type":"git","reference":"2e8660111d14df908a913a058bce4a1786de489f"},"dist":{"url":"https://api.github.com/repos/reactphp/socket/zipball/2e8660111d14df908a913a058bce4a1786de489f","type":"zip","shasum":"","reference":"2e8660111d14df908a913a058bce4a1786de489f"},"support":{"issues":"https://github.com/reactphp/socket/issues","source":"https://github.com/reactphp/socket/tree/v0.8.6"},"time":"2017-11-18T16:47:56+00:00"},{"version":"v0.8.5","version_normalized":"0.8.5.0","source":{"url":"https://github.com/reactphp/socket.git","type":"git","reference":"d169d1ed24e39bf182781d72ddd224dbbd449aa8"},"dist":{"url":"https://api.github.com/repos/reactphp/socket/zipball/d169d1ed24e39bf182781d72ddd224dbbd449aa8","type":"zip","shasum":"","reference":"d169d1ed24e39bf182781d72ddd224dbbd449aa8"},"support":{"issues":"https://github.com/reactphp/socket/issues","source":"https://github.com/reactphp/socket/tree/v0.8.5"},"time":"2017-10-23T21:45:58+00:00","require-dev":{"clue/block-react":"^1.2","phpunit/phpunit":"^5.0 || ^4.8"}},{"version":"v0.8.4","version_normalized":"0.8.4.0","source":{"url":"https://github.com/reactphp/socket.git","type":"git","reference":"ce2b577c2d69ee071c3f9e552942c320caa87e0a"},"dist":{"url":"https://api.github.com/repos/reactphp/socket/zipball/ce2b577c2d69ee071c3f9e552942c320caa87e0a","type":"zip","shasum":"","reference":"ce2b577c2d69ee071c3f9e552942c320caa87e0a"},"support":{"issues":"https://github.com/reactphp/socket/issues","source":"https://github.com/reactphp/socket/tree/v0.8.4"},"time":"2017-09-16T17:16:49+00:00","require-dev":{"clue/block-react":"^1.1","phpunit/phpunit":"~4.8"}},{"version":"v0.8.3","version_normalized":"0.8.3.0","source":{"url":"https://github.com/reactphp/socket.git","type":"git","reference":"03f4f6a762633b2e07b3598d83830c15875e087f"},"dist":{"url":"https://api.github.com/repos/reactphp/socket/zipball/03f4f6a762633b2e07b3598d83830c15875e087f","type":"zip","shasum":"","reference":"03f4f6a762633b2e07b3598d83830c15875e087f"},"support":{"issues":"https://github.com/reactphp/socket/issues","source":"https://github.com/reactphp/socket/tree/v0.8.3"},"time":"2017-09-08T14:15:16+00:00"},{"version":"v0.8.2","version_normalized":"0.8.2.0","source":{"url":"https://github.com/reactphp/socket.git","type":"git","reference":"ee817e348abcf35c55b448a5cd3ef4eec88379e9"},"dist":{"url":"https://api.github.com/repos/reactphp/socket/zipball/ee817e348abcf35c55b448a5cd3ef4eec88379e9","type":"zip","shasum":"","reference":"ee817e348abcf35c55b448a5cd3ef4eec88379e9"},"support":{"issues":"https://github.com/reactphp/socket/issues","source":"https://github.com/reactphp/socket/tree/v0.8.2"},"time":"2017-08-25T09:08:33+00:00","require":{"php":">=5.3.0","evenement/evenement":"^3.0 || ^2.0 || ^1.0","react/dns":"^0.4.11","react/event-loop":"^1.0 || ^0.5 || ^0.4 || ^0.3.5","react/stream":"^1.0 || ^0.7 || ^0.6 || ^0.5 || ^0.4.5","react/promise":"^2.1 || ^1.2","react/promise-timer":"~1.0"},"require-dev":{"clue/block-react":"^1.1","phpunit/phpunit":"~4.8","react/stream":"^1.0 || ^0.7 || ^0.6"}},{"version":"v0.8.1","version_normalized":"0.8.1.0","source":{"url":"https://github.com/reactphp/socket.git","type":"git","reference":"ac8227bfd60c31227c54c0e3d97b65db15df7403"},"dist":{"url":"https://api.github.com/repos/reactphp/socket/zipball/ac8227bfd60c31227c54c0e3d97b65db15df7403","type":"zip","shasum":"","reference":"ac8227bfd60c31227c54c0e3d97b65db15df7403"},"support":{"issues":"https://github.com/reactphp/socket/issues","source":"https://github.com/reactphp/socket/tree/v0.8.1"},"time":"2017-08-15T08:12:47+00:00","require":{"php":">=5.3.0","evenement/evenement":"^3.0 || ^2.0 || ^1.0","react/dns":"0.4.*|0.3.*","react/event-loop":"^1.0 || ^0.5 || ^0.4 || ^0.3.5","react/stream":"^1.0 || ^0.7 || ^0.6 || ^0.5 || ^0.4.5","react/promise":"^2.1 || ^1.2","react/promise-timer":"~1.0"}},{"version":"v0.8.0","version_normalized":"0.8.0.0","source":{"url":"https://github.com/reactphp/socket.git","type":"git","reference":"8f880ab1a9e1b2eb236a836aa5e1326da3647bcd"},"dist":{"url":"https://api.github.com/repos/reactphp/socket/zipball/8f880ab1a9e1b2eb236a836aa5e1326da3647bcd","type":"zip","shasum":"","reference":"8f880ab1a9e1b2eb236a836aa5e1326da3647bcd"},"support":{"issues":"https://github.com/reactphp/socket/issues","source":"https://github.com/reactphp/socket/tree/v0.8.0"},"time":"2017-05-09T11:27:38+00:00","require":{"php":">=5.3.0","evenement/evenement":"~2.0|~1.0","react/dns":"0.4.*|0.3.*","react/event-loop":"0.4.*|0.3.*","react/stream":"^1.0 || ^0.7 || ^0.6 || ^0.5 || ^0.4.5","react/promise":"^2.1 || ^1.2","react/promise-timer":"~1.0"}},{"version":"v0.7.2","version_normalized":"0.7.2.0","source":{"url":"https://github.com/reactphp/socket.git","type":"git","reference":"05b2fa7df1f87ba1d7d3c703c77b1eed02b171f2"},"dist":{"url":"https://api.github.com/repos/reactphp/socket/zipball/05b2fa7df1f87ba1d7d3c703c77b1eed02b171f2","type":"zip","shasum":"","reference":"05b2fa7df1f87ba1d7d3c703c77b1eed02b171f2"},"support":{"issues":"https://github.com/reactphp/socket/issues","source":"https://github.com/reactphp/socket/tree/v0.7.2"},"time":"2017-04-24T09:37:03+00:00","require":{"php":">=5.3.0","evenement/evenement":"~2.0|~1.0","react/dns":"0.4.*|0.3.*","react/event-loop":"0.4.*|0.3.*","react/stream":"^0.6 || ^0.5 || ^0.4.5","react/promise":"^2.1 || ^1.2","react/promise-timer":"~1.0"},"require-dev":{"clue/block-react":"^1.1","phpunit/phpunit":"~4.8","react/stream":"^0.6"}},{"version":"v0.7.1","version_normalized":"0.7.1.0","source":{"url":"https://github.com/reactphp/socket.git","type":"git","reference":"57e3262b4b6098f7343cf16df393099dad5d5f11"},"dist":{"url":"https://api.github.com/repos/reactphp/socket/zipball/57e3262b4b6098f7343cf16df393099dad5d5f11","type":"zip","shasum":"","reference":"57e3262b4b6098f7343cf16df393099dad5d5f11"},"support":{"issues":"https://github.com/reactphp/socket/issues","source":"https://github.com/reactphp/socket/tree/v0.7.1"},"time":"2017-04-10T20:52:43+00:00"},{"version":"v0.7.0","version_normalized":"0.7.0.0","source":{"url":"https://github.com/reactphp/socket.git","type":"git","reference":"84db06fa80910b5eea0af893f38bbeed1aed3e69"},"dist":{"url":"https://api.github.com/repos/reactphp/socket/zipball/84db06fa80910b5eea0af893f38bbeed1aed3e69","type":"zip","shasum":"","reference":"84db06fa80910b5eea0af893f38bbeed1aed3e69"},"support":{"issues":"https://github.com/reactphp/socket/issues","source":"https://github.com/reactphp/socket/tree/v0.7.0"},"time":"2017-04-10T12:08:10+00:00"},{"description":"Async, streaming plaintext TCP/IP and secure TLS socket server for React PHP","keywords":["Socket"],"version":"v0.6.0","version_normalized":"0.6.0.0","source":{"url":"https://github.com/reactphp/socket.git","type":"git","reference":"8bcba5679d6e58e19da6684136d7d6b5aff68e7a"},"dist":{"url":"https://api.github.com/repos/reactphp/socket/zipball/8bcba5679d6e58e19da6684136d7d6b5aff68e7a","type":"zip","shasum":"","reference":"8bcba5679d6e58e19da6684136d7d6b5aff68e7a"},"support":{"issues":"https://github.com/reactphp/socket/issues","source":"https://github.com/reactphp/socket/tree/v0.6.0"},"time":"2017-04-04T15:40:25+00:00","require":{"php":">=5.3.0","evenement/evenement":"~2.0|~1.0","react/event-loop":"0.4.*|0.3.*","react/stream":"^0.6 || ^0.5 || ^0.4.5","react/promise":"^2.0 || ^1.1"},"require-dev":{"react/socket-client":"^0.6","clue/block-react":"^1.1","phpunit/phpunit":"~4.8"}},{"version":"v0.5.1","version_normalized":"0.5.1.0","source":{"url":"https://github.com/reactphp/socket.git","type":"git","reference":"c0e337e375d5fb064da4ba62a91a29815e7502f8"},"dist":{"url":"https://api.github.com/repos/reactphp/socket/zipball/c0e337e375d5fb064da4ba62a91a29815e7502f8","type":"zip","shasum":"","reference":"c0e337e375d5fb064da4ba62a91a29815e7502f8"},"support":{"issues":"https://github.com/reactphp/socket/issues","source":"https://github.com/reactphp/socket/tree/v0.5.1"},"time":"2017-03-09T12:13:07+00:00","require-dev":{"react/socket-client":"^0.5.1","clue/block-react":"^1.1","phpunit/phpunit":"~4.8"}},{"version":"v0.5.0","version_normalized":"0.5.0.0","source":{"url":"https://github.com/reactphp/socket.git","type":"git","reference":"691dbf6cb3aa9ae67ef25d29c32e853d5d34fa99"},"dist":{"url":"https://api.github.com/repos/reactphp/socket/zipball/691dbf6cb3aa9ae67ef25d29c32e853d5d34fa99","type":"zip","shasum":"","reference":"691dbf6cb3aa9ae67ef25d29c32e853d5d34fa99"},"support":{"issues":"https://github.com/reactphp/socket/issues","source":"https://github.com/reactphp/socket/tree/v0.5.0"},"time":"2017-02-14T06:49:09+00:00","require":{"php":">=5.3.0","evenement/evenement":"~2.0|~1.0","react/event-loop":"0.4.*|0.3.*","react/stream":"^0.4.5","react/promise":"^2.0 || ^1.1"}},{"version":"v0.4.6","version_normalized":"0.4.6.0","source":{"url":"https://github.com/reactphp/socket.git","type":"git","reference":"cf074e53c974df52388ebd09710a9018894745d2"},"dist":{"url":"https://api.github.com/repos/reactphp/socket/zipball/cf074e53c974df52388ebd09710a9018894745d2","type":"zip","shasum":"","reference":"cf074e53c974df52388ebd09710a9018894745d2"},"support":{"issues":"https://github.com/reactphp/socket/issues","source":"https://github.com/reactphp/socket/tree/v0.4.6"},"time":"2017-01-26T09:23:38+00:00"},{"version":"v0.4.5","version_normalized":"0.4.5.0","source":{"url":"https://github.com/reactphp/socket.git","type":"git","reference":"32385d71f84c4a26ea577cb91f1220decb440dce"},"dist":{"url":"https://api.github.com/repos/reactphp/socket/zipball/32385d71f84c4a26ea577cb91f1220decb440dce","type":"zip","shasum":"","reference":"32385d71f84c4a26ea577cb91f1220decb440dce"},"support":{"issues":"https://github.com/reactphp/socket/issues","source":"https://github.com/reactphp/socket/tree/v0.4.5"},"time":"2017-01-08T11:36:16+00:00","require-dev":{"react/socket-client":"^0.5.1","clue/block-react":"^1.1"}},{"description":"Library for building an evented socket server.","version":"v0.4.4","version_normalized":"0.4.4.0","source":{"url":"https://github.com/reactphp/socket.git","type":"git","reference":"d61930e1aefb2a704b0adbe6bb97ee4a835d6a96"},"dist":{"url":"https://api.github.com/repos/reactphp/socket/zipball/d61930e1aefb2a704b0adbe6bb97ee4a835d6a96","type":"zip","shasum":"","reference":"d61930e1aefb2a704b0adbe6bb97ee4a835d6a96"},"support":{"issues":"https://github.com/reactphp/socket/issues","source":"https://github.com/reactphp/socket/tree/v0.4.4"},"time":"2016-12-19T22:52:38+00:00","require":{"php":">=5.3.0","evenement/evenement":"~2.0|~1.0","react/event-loop":"0.4.*|0.3.*","react/stream":"^0.4.2"},"require-dev":"__unset"},{"version":"v0.4.3","version_normalized":"0.4.3.0","source":{"url":"https://github.com/reactphp/socket.git","type":"git","reference":"ce015ec5879b96f5d30905f035f223aa85013fcc"},"dist":{"url":"https://api.github.com/repos/reactphp/socket/zipball/ce015ec5879b96f5d30905f035f223aa85013fcc","type":"zip","shasum":"","reference":"ce015ec5879b96f5d30905f035f223aa85013fcc"},"support":{"issues":"https://github.com/reactphp/socket/issues","source":"https://github.com/reactphp/socket/tree/master"},"time":"2016-03-01T20:10:35+00:00","extra":{"branch-alias":{"dev-master":"0.4-dev"}},"require":{"php":">=5.3.0","evenement/evenement":"~2.0|~1.0","react/event-loop":"0.4.*|0.3.*","react/stream":"0.4.*|0.3.*"}},{"version":"v0.4.2","version_normalized":"0.4.2.0","source":{"url":"https://github.com/reactphp/socket.git","type":"git","reference":"a6acf405ca53fc6cfbfe7c77778ededff46aa7cc"},"dist":{"url":"https://api.github.com/repos/reactphp/socket/zipball/a6acf405ca53fc6cfbfe7c77778ededff46aa7cc","type":"zip","shasum":"","reference":"a6acf405ca53fc6cfbfe7c77778ededff46aa7cc"},"support":{"source":"https://github.com/reactphp/socket/tree/master"},"time":"2014-05-25T17:02:16+00:00","require":{"php":">=5.4.0","evenement/evenement":"~2.0","react/event-loop":"0.4.*","react/stream":"0.4.*"}},{"version":"v0.4.1","version_normalized":"0.4.1.0","source":{"url":"https://github.com/reactphp/socket.git","type":"git","reference":"43b9343418999b7f379b81e6aaea7983aa1e698d"},"dist":{"url":"https://api.github.com/repos/reactphp/socket/zipball/43b9343418999b7f379b81e6aaea7983aa1e698d","type":"zip","shasum":"","reference":"43b9343418999b7f379b81e6aaea7983aa1e698d"},"support":{"source":"https://github.com/reactphp/socket/tree/v0.4.1"},"time":"2014-04-13T16:32:50+00:00","autoload":{"psr-4":{"React\\Socket\\":""}}},{"version":"v0.4.0","version_normalized":"0.4.0.0","source":{"url":"https://github.com/reactphp/socket.git","type":"git","reference":"36a5d1b2e48b35582862979326724355ffc1751a"},"dist":{"url":"https://api.github.com/repos/reactphp/socket/zipball/36a5d1b2e48b35582862979326724355ffc1751a","type":"zip","shasum":"","reference":"36a5d1b2e48b35582862979326724355ffc1751a"},"support":{"source":"https://github.com/reactphp/socket/tree/v0.4.0"},"time":"2014-02-02T01:11:26+00:00"},{"version":"v0.3.4","version_normalized":"0.3.4.0","source":{"url":"https://github.com/reactphp/socket.git","type":"git","reference":"19bc0c4309243717396022ffb2e59be1cc784327"},"dist":{"url":"https://api.github.com/repos/reactphp/socket/zipball/19bc0c4309243717396022ffb2e59be1cc784327","type":"zip","shasum":"","reference":"19bc0c4309243717396022ffb2e59be1cc784327"},"support":{"source":"https://github.com/reactphp/socket/tree/v0.3.4"},"time":"2014-02-17T22:32:00+00:00","autoload":{"psr-0":{"React\\Socket":""}},"extra":{"branch-alias":{"dev-master":"0.3-dev"}},"target-dir":"React/Socket","require":{"php":">=5.3.3","evenement/evenement":"1.0.*","react/event-loop":"0.3.*","react/stream":"0.3.*"}},{"version":"v0.3.3","version_normalized":"0.3.3.0","source":{"url":"https://github.com/reactphp/socket.git","type":"git","reference":"0fda8464660d7b9d2befa664fa66e30045943c1f"},"dist":{"url":"https://api.github.com/repos/reactphp/socket/zipball/0fda8464660d7b9d2befa664fa66e30045943c1f","type":"zip","shasum":"","reference":"0fda8464660d7b9d2befa664fa66e30045943c1f"},"support":{"source":"https://github.com/reactphp/socket/tree/v0.3.3"},"time":"2013-07-08T22:38:22+00:00"},{"version":"v0.3.2","version_normalized":"0.3.2.0","source":{"url":"https://github.com/reactphp/socket.git","type":"git","reference":"e08ffb983a512b6f4812943656c10b12224ae641"},"dist":{"url":"https://api.github.com/repos/reactphp/socket/zipball/e08ffb983a512b6f4812943656c10b12224ae641","type":"zip","shasum":"","reference":"e08ffb983a512b6f4812943656c10b12224ae641"},"support":{"source":"https://github.com/reactphp/socket/tree/v0.3.2"},"time":"2013-04-26T20:23:10+00:00"},{"version":"v0.3.1","version_normalized":"0.3.1.0","source":{"url":"https://github.com/reactphp/socket.git","type":"git","reference":"04101e21e0f3545c84238e8374247dd708378cfe"},"dist":{"url":"https://api.github.com/repos/reactphp/socket/zipball/04101e21e0f3545c84238e8374247dd708378cfe","type":"zip","shasum":"","reference":"04101e21e0f3545c84238e8374247dd708378cfe"},"support":{"source":"https://github.com/reactphp/socket/tree/v0.3.1"},"time":"2013-04-20T14:53:10+00:00"},{"version":"v0.3.0","version_normalized":"0.3.0.0","source":{"url":"https://github.com/reactphp/socket.git","type":"git","reference":"e549b1e39daefebc2f2290c6afdfc6ba5d12e51f"},"dist":{"url":"https://api.github.com/repos/reactphp/socket/zipball/e549b1e39daefebc2f2290c6afdfc6ba5d12e51f","type":"zip","shasum":"","reference":"e549b1e39daefebc2f2290c6afdfc6ba5d12e51f"},"support":{"source":"https://github.com/reactphp/socket/tree/v0.3.0"},"time":"2013-01-21T04:20:49+00:00"},{"version":"v0.2.6","version_normalized":"0.2.6.0","source":{"url":"https://github.com/reactphp/socket.git","type":"git","reference":"21e3fe670b2f18e3c6b2cb73f14e1c58fe7bca84"},"dist":{"url":"https://api.github.com/repos/reactphp/socket/zipball/21e3fe670b2f18e3c6b2cb73f14e1c58fe7bca84","type":"zip","shasum":"","reference":"21e3fe670b2f18e3c6b2cb73f14e1c58fe7bca84"},"support":{"source":"https://github.com/reactphp/socket/tree/v0.2.7"},"time":"2012-12-14T00:58:14+00:00","extra":{"branch-alias":{"dev-master":"0.2-dev"}},"require":{"php":">=5.3.3","evenement/evenement":"1.0.*","react/event-loop":"0.2.*","react/stream":"0.2.*"}},{"version":"v0.2.3","version_normalized":"0.2.3.0","source":{"url":"https://github.com/reactphp/socket.git","type":"git","reference":"a7566bfa25e21e261f42bc157830fe19f1cb329c"},"dist":{"url":"https://api.github.com/repos/reactphp/socket/zipball/a7566bfa25e21e261f42bc157830fe19f1cb329c","type":"zip","shasum":"","reference":"a7566bfa25e21e261f42bc157830fe19f1cb329c"},"support":{"source":"https://github.com/reactphp/socket/tree/v0.2.5"},"time":"2012-11-05T13:25:35+00:00"},{"version":"v0.2.0","version_normalized":"0.2.0.0","source":{"url":"https://github.com/reactphp/socket.git","type":"git","reference":"29c72b7645168c6568173d1ac1a2232497fed74d"},"dist":{"url":"https://api.github.com/repos/reactphp/socket/zipball/29c72b7645168c6568173d1ac1a2232497fed74d","type":"zip","shasum":"","reference":"29c72b7645168c6568173d1ac1a2232497fed74d"},"support":{"source":"https://github.com/reactphp/socket/tree/v0.2.2"},"time":"2012-09-10T12:56:19+00:00","extra":{"branch-alias":[]}},{"version":"v0.1.1","version_normalized":"0.1.1.0","source":{"url":"https://github.com/reactphp/socket.git","type":"git","reference":"027e302543f6f8b04df4962ef5e6d9bac10a74bf"},"dist":{"url":"https://api.github.com/repos/reactphp/socket/zipball/027e302543f6f8b04df4962ef5e6d9bac10a74bf","type":"zip","shasum":"","reference":"027e302543f6f8b04df4962ef5e6d9bac10a74bf"},"support":{"source":"https://github.com/reactphp/socket/tree/v0.1.1"},"time":"2012-07-12T21:02:32+00:00","require":{"php":">=5.3.2","evenement/evenement":"1.0.*","react/event-loop":"0.1.*","react/stream":"0.1.*"}},{"version":"v0.1.0","version_normalized":"0.1.0.0","source":{"url":"https://github.com/reactphp/socket.git","type":"git","reference":"368aef3bb8bea501080df2b084661f92a58db76b"},"dist":{"url":"https://api.github.com/repos/reactphp/socket/zipball/368aef3bb8bea501080df2b084661f92a58db76b","type":"zip","shasum":"","reference":"368aef3bb8bea501080df2b084661f92a58db76b"},"support":{"source":"https://github.com/reactphp/socket/tree/v0.1.0"},"time":"2012-07-11T15:43:22+00:00"}]},"security-advisories":[],"last-modified":"Fri, 26 Jul 2024 10:39:20 GMT"}