{"minified":"composer/2.0","packages":{"pestphp/pest-plugin-mutate":[{"name":"pestphp/pest-plugin-mutate","description":"Mutates your code to find untested cases","keywords":["framework","php","testing","plugin","test","unit","mutation","pest","mutate"],"homepage":"","version":"v3.0.5","version_normalized":"3.0.5.0","license":["MIT"],"authors":[{"name":"Sandro Gehri","email":"sandrogehri@gmail.com"}],"source":{"url":"https://github.com/pestphp/pest-plugin-mutate.git","type":"git","reference":"e10dbdc98c9e2f3890095b4fe2144f63a5717e08"},"dist":{"url":"https://api.github.com/repos/pestphp/pest-plugin-mutate/zipball/e10dbdc98c9e2f3890095b4fe2144f63a5717e08","type":"zip","shasum":"","reference":"e10dbdc98c9e2f3890095b4fe2144f63a5717e08"},"type":"library","support":{"source":"https://github.com/pestphp/pest-plugin-mutate/tree/v3.0.5"},"funding":[{"url":"https://www.paypal.com/paypalme/enunomaduro","type":"custom"},{"url":"https://github.com/gehrisandro","type":"github"},{"url":"https://github.com/nunomaduro","type":"github"}],"time":"2024-09-22T07:54:40+00:00","autoload":{"psr-4":{"Pest\\Mutate\\":"src/"}},"require":{"php":"^8.2","nikic/php-parser":"^5.2.0","pestphp/pest-plugin":"^3.0.0","psr/simple-cache":"^3.0.0"},"require-dev":{"pestphp/pest":"^3.0.8","pestphp/pest-dev-tools":"^3.0.0","pestphp/pest-plugin-type-coverage":"^3.0.0"}},{"version":"v3.0.4","version_normalized":"3.0.4.0","source":{"url":"https://github.com/pestphp/pest-plugin-mutate.git","type":"git","reference":"33782fe8a373077b86b0c92b885896d8eacc138d"},"dist":{"url":"https://api.github.com/repos/pestphp/pest-plugin-mutate/zipball/33782fe8a373077b86b0c92b885896d8eacc138d","type":"zip","shasum":"","reference":"33782fe8a373077b86b0c92b885896d8eacc138d"},"support":{"source":"https://github.com/pestphp/pest-plugin-mutate/tree/v3.0.4"},"time":"2024-09-19T21:50:52+00:00"},{"version":"v3.0.3","version_normalized":"3.0.3.0","source":{"url":"https://github.com/pestphp/pest-plugin-mutate.git","type":"git","reference":"d83a5e106c92ea0ebf928eefbe4a57f028adf468"},"dist":{"url":"https://api.github.com/repos/pestphp/pest-plugin-mutate/zipball/d83a5e106c92ea0ebf928eefbe4a57f028adf468","type":"zip","shasum":"","reference":"d83a5e106c92ea0ebf928eefbe4a57f028adf468"},"support":{"source":"https://github.com/pestphp/pest-plugin-mutate/tree/v3.0.3"},"time":"2024-09-10T15:59:08+00:00","require":{"php":"^8.2","nikic/php-parser":"^5.1.0","pestphp/pest-plugin":"^3.0.0","psr/simple-cache":"^3.0.0"},"require-dev":{"pestphp/pest":"^3.0.1","pestphp/pest-dev-tools":"^3.0.0","pestphp/pest-plugin-type-coverage":"^3.0.0"}},{"version":"v3.0.2","version_normalized":"3.0.2.0","source":{"url":"https://github.com/pestphp/pest-plugin-mutate.git","type":"git","reference":"dbd2cc850925c25c6964b3bba4c9b044a4ebc904"},"dist":{"url":"https://api.github.com/repos/pestphp/pest-plugin-mutate/zipball/dbd2cc850925c25c6964b3bba4c9b044a4ebc904","type":"zip","shasum":"","reference":"dbd2cc850925c25c6964b3bba4c9b044a4ebc904"},"support":{"source":"https://github.com/pestphp/pest-plugin-mutate/tree/v3.0.2"},"time":"2024-09-09T14:24:40+00:00","require-dev":{"pestphp/pest":"^3.0.0","pestphp/pest-dev-tools":"^3.0.0","pestphp/pest-plugin-type-coverage":"^3.0.0"}},{"version":"v3.0.1","version_normalized":"3.0.1.0","source":{"url":"https://github.com/pestphp/pest-plugin-mutate.git","type":"git","reference":"8277817f04e9f96c5caa4d8b0af7307de06d460f"},"dist":{"url":"https://api.github.com/repos/pestphp/pest-plugin-mutate/zipball/8277817f04e9f96c5caa4d8b0af7307de06d460f","type":"zip","shasum":"","reference":"8277817f04e9f96c5caa4d8b0af7307de06d460f"},"support":{"source":"https://github.com/pestphp/pest-plugin-mutate/tree/v3.0.1"},"time":"2024-09-08T22:58:19+00:00"},{"version":"v3.0.0","version_normalized":"3.0.0.0","source":{"url":"https://github.com/pestphp/pest-plugin-mutate.git","type":"git","reference":"ce7ba94ae79a1848fda0ee249d87fb751a91046d"},"dist":{"url":"https://api.github.com/repos/pestphp/pest-plugin-mutate/zipball/ce7ba94ae79a1848fda0ee249d87fb751a91046d","type":"zip","shasum":"","reference":"ce7ba94ae79a1848fda0ee249d87fb751a91046d"},"support":{"source":"https://github.com/pestphp/pest-plugin-mutate/tree/v3.0.0"},"time":"2024-09-08T22:31:10+00:00","extra":{"pest":{"plugins":["Pest\\Mutate\\Plugins\\Mutate"]}}},{"version":"v2.0.0-beta.5","version_normalized":"2.0.0.0-beta5","source":{"url":"https://github.com/pestphp/pest-plugin-mutate.git","type":"git","reference":"f1df814235248bc1eca1990f4aaa03416820bac0"},"dist":{"url":"https://api.github.com/repos/pestphp/pest-plugin-mutate/zipball/f1df814235248bc1eca1990f4aaa03416820bac0","type":"zip","shasum":"","reference":"f1df814235248bc1eca1990f4aaa03416820bac0"},"support":{"issues":"https://github.com/pestphp/pest-plugin-mutate/issues","source":"https://github.com/pestphp/pest-plugin-mutate/tree/v2.0.0-beta.5"},"funding":[{"url":"https://github.com/gehrisandro","type":"github"}],"time":"2024-08-05T17:07:47+00:00","autoload":{"files":["src/Functions.php"],"psr-4":{"Pest\\Mutate\\":"src/"}},"require":{"php":"^8.1","nikic/php-parser":"^4.19.1|^v5.0.2","pestphp/pest-plugin":"^v2.1.1","psr/simple-cache":"^3.0"},"require-dev":{"pestphp/pest":"^v2.34.8","pestphp/pest-dev-tools":"^2.16","pestphp/pest-plugin-type-coverage":"^2.8.1","rector/rector":"1.1.0 as 0.16.0"}},{"version":"v2.0.0-beta.4","version_normalized":"2.0.0.0-beta4","source":{"url":"https://github.com/pestphp/pest-plugin-mutate.git","type":"git","reference":"547dcee28030af1a31a8e85d4c3a43392ced2d41"},"dist":{"url":"https://api.github.com/repos/pestphp/pest-plugin-mutate/zipball/547dcee28030af1a31a8e85d4c3a43392ced2d41","type":"zip","shasum":"","reference":"547dcee28030af1a31a8e85d4c3a43392ced2d41"},"support":{"issues":"https://github.com/pestphp/pest-plugin-mutate/issues","source":"https://github.com/pestphp/pest-plugin-mutate/tree/v2.0.0-beta.4"},"time":"2024-06-29T19:27:15+00:00"},{"version":"v2.0.0-beta.3","version_normalized":"2.0.0.0-beta3","source":{"url":"https://github.com/pestphp/pest-plugin-mutate.git","type":"git","reference":"1b5421d1455e5c86f9f315a648d26723d87e5d46"},"dist":{"url":"https://api.github.com/repos/pestphp/pest-plugin-mutate/zipball/1b5421d1455e5c86f9f315a648d26723d87e5d46","type":"zip","shasum":"","reference":"1b5421d1455e5c86f9f315a648d26723d87e5d46"},"support":{"issues":"https://github.com/pestphp/pest-plugin-mutate/issues","source":"https://github.com/pestphp/pest-plugin-mutate/tree/v2.0.0-beta.3"},"time":"2024-06-24T20:27:24+00:00"},{"version":"v2.0.0-beta.2","version_normalized":"2.0.0.0-beta2","source":{"url":"https://github.com/pestphp/pest-plugin-mutate.git","type":"git","reference":"dfe6ad4e41babc05a4abee161efd649b6a3e7d4d"},"dist":{"url":"https://api.github.com/repos/pestphp/pest-plugin-mutate/zipball/dfe6ad4e41babc05a4abee161efd649b6a3e7d4d","type":"zip","shasum":"","reference":"dfe6ad4e41babc05a4abee161efd649b6a3e7d4d"},"support":{"issues":"https://github.com/pestphp/pest-plugin-mutate/issues","source":"https://github.com/pestphp/pest-plugin-mutate/tree/v2.0.0-beta.2"},"time":"2024-06-19T09:53:54+00:00","require":{"php":"^8.1","nikic/php-parser":"^4.19.1","pestphp/pest-plugin":"^v2.1.1","psr/simple-cache":"^3.0"},"require-dev":{"pestphp/pest":"dev-mutate as v2.24.0","pestphp/pest-dev-tools":"^2.16","pestphp/pest-plugin-type-coverage":"^2.8.1","rector/rector":"1.1.0 as 0.16.0"}},{"version":"v2.0.0-beta.1","version_normalized":"2.0.0.0-beta1","source":{"url":"https://github.com/pestphp/pest-plugin-mutate.git","type":"git","reference":"954b9c1c7d1f12a9f9a35de9c7e5824b68e79e4e"},"dist":{"url":"https://api.github.com/repos/pestphp/pest-plugin-mutate/zipball/954b9c1c7d1f12a9f9a35de9c7e5824b68e79e4e","type":"zip","shasum":"","reference":"954b9c1c7d1f12a9f9a35de9c7e5824b68e79e4e"},"support":{"issues":"https://github.com/pestphp/pest-plugin-mutate/issues","source":"https://github.com/pestphp/pest-plugin-mutate/tree/v2.0.0-beta.1"},"time":"2024-06-19T06:36:55+00:00","require":{"php":"^8.1","infection/include-interceptor":"^0.2.5","nikic/php-parser":"^4.19.1","pestphp/pest-plugin":"^v2.1.1","psr/simple-cache":"^3.0"}}]},"security-advisories":[],"last-modified":"Sun, 22 Sep 2024 07:57:52 GMT"}